customer_id,first_name,last_name,age,gender,postcode,occupation,years_licensed,marital_status,credit_score,registration_date
CUST000001,Michael,Johnson,56,Female,PL1 1AA,Accountant,17,Single,465,29/11/2020
CUST000002,James,Johnson,69,Female,BT1 1AA,Accountant,5,Divorced,682,13/07/2022
CUST000003,Thomas,Martinez,46,Female,SW1A 1AA,Lawyer,44,Single,675,30/05/2020
CUST000004,Joseph,Thomas,32,Female,CB1 1AA,Manager,11,Single,770,09/03/2020
CUST000005,Joseph,Brown,60,Male,G1 1AA,Doctor,30,Married,330,26/08/2021
CUST000006,William,Brown,25,Female,SW1A 1AA,Retired,15,Single,674,11/02/2020
CUST000007,Michael,Davis,78,Female,CF10 1AA,Accountant,27,Single,310,14/10/2021
CUST000008,Jessica,Moore,38,Female,B1 1AA,Doctor,35,Divorced,601,18/06/2021
CUST000009,Robert,Jones,56,Male,M1 1AA,Teacher,33,Single,395,02/08/2020
CUST000010,Sarah,Gonzalez,75,Female,BA1 1AA,Self-employed,20,Divorced,489,31/05/2020
CUST000011,Linda,Anderson,36,Female,OX1 1AA,Manager,16,Widowed,752,01/12/2021
CUST000012,John,Lopez,40,Male,B1 1AA,Engineer,34,Single,491,14/12/2020
CUST000013,James,Moore,28,Female,CT1 1AA,Doctor,2,Single,785,07/02/2022
CUST000014,Robert,Wilson,28,Male,M1 1AA,Teacher,35,Divorced,565,25/11/2020
CUST000015,Richard,Jackson,41,Male,B1 1AA,Retired,40,Widowed,723,02/06/2020
CUST000016,Joseph,Jones,70,Male,TQ1 1AA,Student,28,Married,427,25/01/2023
CUST000017,Susan,Wilson,53,Male,M1 1AA,Engineer,47,Widowed,537,09/07/2020
CUST000018,Karen,Brown,57,Male,BT1 1AA,Student,39,Divorced,654,23/11/2021
CUST000019,James,Thomas,41,Female,BA1 1AA,Retired,6,Widowed,411,01/05/2023
CUST000020,Jessica,Martin,20,Male,S1 1AA,Teacher,9,Divorced,745,10/06/2023
CUST000021,Richard,Wilson,39,Male,NE1 1AA,Accountant,20,Divorced,642,15/09/2022
CUST000022,Jessica,Rodriguez,70,Female,BA1 1AA,Student,1,Married,444,13/12/2023
CUST000023,Linda,Johnson,19,Male,OX1 1AA,Engineer,8,Single,364,04/03/2020
CUST000024,Joseph,Lopez,41,Female,CB1 1AA,Lawyer,23,Divorced,546,02/06/2022
CUST000025,Elizabeth,Miller,61,Female,PL1 1AA,Sales,3,Divorced,789,31/08/2023
CUST000026,Sarah,Anderson,47,Female,CB1 1AA,Doctor,4,Married,738,03/12/2020
CUST000027,Thomas,Anderson,55,Male,CB1 1AA,Accountant,25,Divorced,405,28/05/2023
CUST000028,James,Davis,19,Male,B1 1AA,Student,47,Single,480,08/06/2022
CUST000029,David,Lopez,77,Male,CT1 1AA,Self-employed,38,Married,483,17/11/2020
CUST000030,Linda,Brown,38,Female,NE1 1AA,Doctor,15,Single,525,19/04/2020
CUST000031,Mary,Lopez,50,Male,OX1 1AA,Lawyer,21,Single,388,26/07/2020
CUST000032,Thomas,Moore,29,Male,LS1 1AA,Retired,35,Married,829,09/11/2021
CUST000033,William,Lopez,75,Male,S1 1AA,Sales,46,Divorced,670,24/02/2021
CUST000034,Richard,Johnson,39,Female,CT1 1AA,Teacher,14,Single,698,24/01/2021
CUST000035,Mary,Gonzalez,78,Female,CB1 1AA,Lawyer,36,Single,405,18/04/2022
CUST000036,Michael,Rodriguez,61,Male,BN1 1AA,Lawyer,12,Single,570,28/11/2023
CUST000037,Robert,Miller,42,Male,NE1 1AA,Retired,17,Single,802,08/02/2023
CUST000038,Jennifer,Brown,66,Male,EH1 1AA,Manager,39,Married,824,11/01/2023
CUST000039,Michael,Anderson,44,Male,SW1A 1AA,Retired,9,Married,331,27/06/2021
CUST000040,Patricia,Williams,76,Female,SW1A 1AA,Manager,35,Widowed,692,14/09/2023
CUST000041,Patricia,Miller,59,Female,BT1 1AA,Manager,13,Widowed,339,30/07/2021
CUST000042,Karen,Martin,45,Female,PL1 1AA,Accountant,15,Single,517,01/09/2021
CUST000043,Thomas,Smith,77,Female,CT1 1AA,Accountant,18,Divorced,381,01/05/2021
CUST000044,John,Johnson,33,Male,BA1 1AA,Engineer,33,Single,500,15/07/2020
CUST000045,Elizabeth,Hernandez,32,Male,CT1 1AA,Student,6,Divorced,746,11/04/2020
CUST000046,Jessica,Davis,79,Male,CB1 1AA,Student,27,Single,727,15/03/2022
CUST000047,Michael,Jones,79,Female,EH1 1AA,Teacher,23,Widowed,337,16/03/2023
CUST000048,Jennifer,Jackson,64,Male,EH1 1AA,Student,27,Widowed,510,30/01/2023
CUST000049,Robert,Miller,79,Female,PL1 1AA,Accountant,34,Divorced,743,02/10/2022
CUST000050,Jessica,Williams,68,Female,OX1 1AA,Engineer,46,Single,626,10/11/2020
CUST000051,Christopher,Moore,61,Male,NE1 1AA,Engineer,38,Divorced,526,21/04/2020
CUST000052,Karen,Miller,72,Male,G1 1AA,Manager,14,Widowed,347,08/01/2022
CUST000053,Patricia,Jackson,69,Male,CF10 1AA,Retired,36,Single,317,08/01/2020
CUST000054,Sarah,Miller,74,Female,LS1 1AA,Teacher,8,Single,738,25/05/2022
CUST000055,Richard,Davis,20,Male,M1 1AA,Manager,35,Divorced,486,28/06/2020
CUST000056,Robert,Hernandez,54,Female,BA1 1AA,Retired,19,Married,644,26/08/2021
CUST000057,John,Jones,68,Male,SW1A 1AA,Student,30,Divorced,523,17/09/2023
CUST000058,Joseph,Martin,24,Female,EH1 1AA,Manager,14,Widowed,787,04/07/2023
CUST000059,Christopher,Smith,38,Female,CF10 1AA,Doctor,20,Widowed,528,14/05/2023
CUST000060,Robert,Rodriguez,26,Male,B1 1AA,Student,49,Widowed,689,10/09/2022
CUST000061,Joseph,Jones,56,Female,LS1 1AA,Retired,25,Widowed,487,12/02/2021
CUST000062,Michael,Jones,35,Female,M1 1AA,Teacher,40,Widowed,569,17/07/2020
CUST000063,Jennifer,Moore,21,Male,PL1 1AA,Retired,24,Married,609,22/02/2020
CUST000064,Thomas,Rodriguez,42,Female,M1 1AA,Manager,14,Single,431,27/02/2021
CUST000065,Elizabeth,Garcia,77,Male,EH1 1AA,Manager,26,Divorced,371,15/12/2020
CUST000066,Patricia,Brown,31,Female,M1 1AA,Lawyer,38,Divorced,486,31/07/2023
CUST000067,David,Smith,67,Male,CB1 1AA,Teacher,23,Widowed,785,20/08/2021
CUST000068,Patricia,Jones,75,Male,PL1 1AA,Self-employed,22,Divorced,490,16/06/2020
CUST000069,Patricia,Smith,26,Female,EH1 1AA,Student,48,Widowed,721,27/08/2022
CUST000070,Richard,Lopez,43,Female,CT1 1AA,Engineer,19,Married,419,24/08/2020
CUST000071,Thomas,Davis,70,Female,CF10 1AA,Teacher,46,Married,519,23/09/2021
CUST000072,Robert,Jackson,19,Female,M1 1AA,Engineer,3,Single,352,25/03/2022
CUST000073,Karen,Hernandez,37,Female,NE1 1AA,Teacher,42,Married,750,22/08/2022
CUST000074,David,Smith,45,Male,BN1 1AA,Teacher,19,Married,711,28/09/2022
CUST000075,Jessica,Garcia,64,Female,BT1 1AA,Retired,9,Single,536,15/09/2023
CUST000076,Joseph,Rodriguez,77,Male,EH1 1AA,Teacher,28,Divorced,705,26/06/2021
CUST000077,David,Johnson,24,Male,L1 1AA,Lawyer,20,Widowed,721,05/07/2020
CUST000078,Elizabeth,Jones,61,Female,L1 1AA,Self-employed,45,Widowed,546,07/08/2023
CUST000079,Jennifer,Wilson,78,Male,EH1 1AA,Manager,7,Divorced,371,19/01/2023
CUST000080,Thomas,Taylor,25,Male,BT1 1AA,Sales,14,Single,484,04/03/2022
CUST000081,Jessica,Brown,64,Male,NE1 1AA,Engineer,9,Divorced,305,13/01/2021
CUST000082,Joseph,Williams,52,Male,BN1 1AA,Manager,19,Married,505,29/01/2022
CUST000083,Mary,Thomas,31,Female,EH1 1AA,Sales,47,Single,843,20/02/2022
CUST000084,John,Anderson,34,Male,BA1 1AA,Self-employed,14,Single,686,26/01/2022
CUST000085,Joseph,Lopez,53,Female,BT1 1AA,Self-employed,38,Single,375,17/01/2021
CUST000086,John,Taylor,67,Female,G1 1AA,Engineer,36,Widowed,476,01/07/2022
CUST000087,Mary,Jackson,57,Male,M1 1AA,Engineer,40,Divorced,648,01/04/2020
CUST000088,Jennifer,Brown,21,Female,CT1 1AA,Self-employed,17,Single,554,23/06/2021
CUST000089,Thomas,Anderson,19,Female,S1 1AA,Sales,30,Single,607,19/06/2022
CUST000090,Robert,Taylor,79,Female,BA1 1AA,Teacher,9,Single,644,10/08/2022
CUST000091,Richard,Davis,23,Male,CT1 1AA,Student,33,Divorced,426,23/06/2021
CUST000092,Sarah,Martin,71,Female,TQ1 1AA,Doctor,25,Widowed,586,08/04/2021
CUST000093,Mary,Johnson,59,Female,M1 1AA,Manager,14,Married,786,04/07/2021
CUST000094,Richard,Taylor,21,Female,OX1 1AA,Retired,11,Widowed,682,01/03/2023
CUST000095,Barbara,Martinez,71,Male,CB1 1AA,Manager,35,Single,705,06/05/2020
CUST000096,Jennifer,Anderson,46,Female,BN1 1AA,Retired,41,Widowed,687,05/11/2020
CUST000097,Elizabeth,Smith,35,Male,L1 1AA,Sales,14,Widowed,824,27/11/2023
CUST000098,William,Johnson,43,Male,BA1 1AA,Retired,30,Married,575,28/09/2023
CUST000099,Thomas,Thomas,61,Male,BA1 1AA,Engineer,41,Divorced,799,17/07/2020
CUST000100,William,Gonzalez,51,Male,NE1 1AA,Student,4,Divorced,636,24/06/2020
CUST000101,Joseph,Wilson,27,Male,BT1 1AA,Student,4,Widowed,780,30/09/2023
CUST000102,Jessica,Brown,79,Male,CB1 1AA,Engineer,28,Widowed,572,05/12/2021
CUST000103,Jessica,Thomas,53,Female,S1 1AA,Lawyer,8,Divorced,357,13/01/2023
CUST000104,Thomas,Anderson,31,Male,CT1 1AA,Sales,2,Divorced,627,27/04/2022
CUST000105,Sarah,Williams,48,Female,TQ1 1AA,Lawyer,41,Married,408,22/04/2023
CUST000106,Linda,Williams,65,Female,EH1 1AA,Lawyer,46,Single,578,10/04/2021
CUST000107,Sarah,Hernandez,32,Male,EH1 1AA,Manager,22,Widowed,627,07/02/2023
CUST000108,Jennifer,Martin,25,Female,BT1 1AA,Self-employed,41,Divorced,614,04/05/2020
CUST000109,Patricia,Jones,31,Female,NE1 1AA,Manager,16,Widowed,773,03/03/2022
CUST000110,Joseph,Williams,40,Female,PL1 1AA,Self-employed,29,Widowed,410,06/12/2022
CUST000111,William,Jones,77,Female,M1 1AA,Doctor,49,Divorced,528,07/05/2022
CUST000112,Susan,Rodriguez,74,Male,CT1 1AA,Retired,48,Married,796,01/01/2023
CUST000113,Barbara,Martin,79,Female,BA1 1AA,Self-employed,30,Widowed,455,08/11/2023
CUST000114,Robert,Jackson,57,Male,BA1 1AA,Engineer,12,Married,772,30/08/2022
CUST000115,John,Moore,38,Female,CT1 1AA,Manager,35,Divorced,571,18/03/2023
CUST000116,Michael,Hernandez,33,Female,BN1 1AA,Sales,11,Single,301,27/04/2021
CUST000117,William,Gonzalez,62,Male,NE1 1AA,Retired,46,Single,810,02/09/2022
CUST000118,David,Martin,35,Female,CB1 1AA,Doctor,21,Widowed,585,04/09/2021
CUST000119,Linda,Taylor,64,Female,EH1 1AA,Self-employed,21,Divorced,312,10/06/2020
CUST000120,Karen,Martinez,70,Female,G1 1AA,Doctor,5,Married,797,19/03/2022
CUST000121,Robert,Anderson,41,Male,CF10 1AA,Sales,48,Widowed,537,12/03/2020
CUST000122,Jennifer,Taylor,43,Female,L1 1AA,Lawyer,20,Divorced,393,25/10/2022
CUST000123,Jennifer,Martin,42,Male,B1 1AA,Student,37,Divorced,637,15/03/2023
CUST000124,Karen,Wilson,77,Female,PL1 1AA,Sales,3,Married,470,24/11/2022
CUST000125,Elizabeth,Brown,77,Male,OX1 1AA,Accountant,44,Widowed,766,16/03/2023
CUST000126,Susan,Brown,77,Male,B1 1AA,Sales,33,Divorced,442,19/10/2023
CUST000127,Thomas,Moore,62,Female,CT1 1AA,Doctor,9,Divorced,500,24/06/2023
CUST000128,Jessica,Miller,58,Female,CF10 1AA,Engineer,9,Divorced,479,28/10/2020
CUST000129,James,Wilson,46,Male,M1 1AA,Manager,4,Married,663,03/09/2020
CUST000130,Michael,Anderson,32,Male,G1 1AA,Engineer,35,Widowed,778,08/07/2022
CUST000131,Jessica,Davis,62,Female,CB1 1AA,Doctor,17,Widowed,770,20/12/2020
CUST000132,Thomas,Wilson,18,Male,M1 1AA,Manager,34,Widowed,683,08/12/2020
CUST000133,Mary,Hernandez,42,Female,B1 1AA,Accountant,24,Widowed,716,09/03/2021
CUST000134,Michael,Anderson,24,Female,CF10 1AA,Student,32,Single,607,29/01/2021
CUST000135,Christopher,Gonzalez,26,Female,CT1 1AA,Retired,1,Single,666,15/09/2020
CUST000136,Linda,Wilson,41,Female,CF10 1AA,Doctor,8,Widowed,300,28/03/2020
CUST000137,David,Brown,18,Male,TQ1 1AA,Self-employed,45,Married,343,17/05/2022
CUST000138,Elizabeth,Hernandez,61,Female,CF10 1AA,Doctor,23,Single,397,09/06/2020
CUST000139,James,Wilson,25,Male,L1 1AA,Doctor,47,Divorced,564,31/10/2023
CUST000140,Thomas,Hernandez,41,Female,BT1 1AA,Manager,40,Single,439,10/06/2022
CUST000141,Susan,Rodriguez,28,Male,SW1A 1AA,Teacher,12,Divorced,780,17/02/2021
CUST000142,David,Lopez,68,Female,CF10 1AA,Sales,12,Widowed,536,08/07/2023
CUST000143,Susan,Jones,34,Male,CF10 1AA,Teacher,46,Single,371,29/10/2020
CUST000144,Michael,Thomas,25,Male,LS1 1AA,Accountant,47,Married,489,03/05/2023
CUST000145,Christopher,Williams,52,Female,TQ1 1AA,Self-employed,15,Single,567,12/06/2021
CUST000146,Susan,Williams,52,Female,EH1 1AA,Student,41,Single,620,16/10/2021
CUST000147,Karen,Williams,50,Female,CF10 1AA,Lawyer,19,Single,406,17/05/2020
CUST000148,Richard,Williams,76,Female,CB1 1AA,Accountant,26,Widowed,531,27/06/2020
CUST000149,William,Wilson,22,Male,EH1 1AA,Lawyer,29,Married,341,05/03/2022
CUST000150,Patricia,Brown,59,Female,CT1 1AA,Lawyer,22,Single,438,13/02/2023
CUST000151,David,Lopez,56,Male,L1 1AA,Student,40,Married,572,24/03/2022
CUST000152,Jessica,Jones,75,Male,BT1 1AA,Engineer,21,Widowed,780,04/02/2023
CUST000153,Susan,Moore,58,Female,CB1 1AA,Teacher,38,Divorced,715,29/10/2021
CUST000154,James,Johnson,45,Male,PL1 1AA,Doctor,20,Single,805,19/07/2021
CUST000155,Karen,Jackson,24,Male,CT1 1AA,Retired,29,Married,723,30/11/2022
CUST000156,Mary,Moore,26,Male,OX1 1AA,Lawyer,4,Married,706,27/07/2022
CUST000157,Barbara,Moore,25,Male,BT1 1AA,Self-employed,7,Widowed,689,26/01/2020
CUST000158,James,Hernandez,29,Female,G1 1AA,Accountant,28,Single,641,05/12/2023
CUST000159,Michael,Brown,51,Female,OX1 1AA,Engineer,28,Divorced,792,30/06/2023
CUST000160,Patricia,Wilson,50,Female,BN1 1AA,Lawyer,4,Married,491,18/04/2023
CUST000161,Christopher,Lopez,65,Female,TQ1 1AA,Engineer,22,Single,798,06/12/2022
CUST000162,Joseph,Wilson,72,Male,PL1 1AA,Engineer,12,Divorced,532,09/05/2022
CUST000163,John,Johnson,40,Male,LS1 1AA,Lawyer,45,Married,526,18/08/2020
CUST000164,Joseph,Martinez,79,Female,TQ1 1AA,Manager,3,Married,670,28/04/2022
CUST000165,Sarah,Martin,41,Female,L1 1AA,Sales,22,Divorced,438,02/11/2020
CUST000166,Robert,Martinez,54,Female,CF10 1AA,Self-employed,44,Divorced,448,30/10/2020
CUST000167,Robert,Lopez,52,Male,OX1 1AA,Doctor,2,Widowed,414,06/03/2023
CUST000168,Barbara,Brown,61,Female,L1 1AA,Doctor,24,Single,749,19/04/2023
CUST000169,Robert,Jackson,57,Female,BA1 1AA,Self-employed,34,Single,362,08/04/2023
CUST000170,Jessica,Taylor,39,Female,M1 1AA,Manager,27,Widowed,403,24/07/2020
CUST000171,William,Miller,44,Male,EH1 1AA,Doctor,41,Married,572,04/08/2020
CUST000172,William,Jones,52,Male,NE1 1AA,Engineer,1,Divorced,305,26/02/2023
CUST000173,Barbara,Thomas,18,Male,SW1A 1AA,Student,8,Divorced,446,25/07/2020
CUST000174,Jessica,Davis,52,Male,G1 1AA,Accountant,23,Divorced,483,08/08/2021
CUST000175,David,Brown,54,Male,CT1 1AA,Teacher,38,Married,327,01/01/2023
CUST000176,Thomas,Lopez,64,Male,BA1 1AA,Doctor,6,Divorced,849,05/12/2021
CUST000177,Susan,Moore,31,Male,BT1 1AA,Self-employed,22,Divorced,418,21/04/2022
CUST000178,Karen,Lopez,20,Male,NE1 1AA,Student,25,Widowed,592,24/06/2021
CUST000179,Linda,Brown,18,Female,CF10 1AA,Lawyer,18,Married,670,23/02/2022
CUST000180,Richard,Rodriguez,22,Female,L1 1AA,Sales,17,Single,543,03/09/2023
CUST000181,Jessica,Jackson,43,Male,EH1 1AA,Self-employed,12,Widowed,517,21/09/2022
CUST000182,Richard,Davis,72,Male,CB1 1AA,Engineer,6,Widowed,476,17/03/2023
CUST000183,Christopher,Wilson,31,Female,EH1 1AA,Sales,26,Single,598,01/06/2023
CUST000184,Jennifer,Moore,56,Male,TQ1 1AA,Accountant,27,Widowed,357,26/08/2022
CUST000185,Patricia,Martin,44,Male,CT1 1AA,Accountant,8,Married,568,17/03/2020
CUST000186,Elizabeth,Martin,26,Male,L1 1AA,Manager,19,Divorced,607,18/12/2020
CUST000187,Susan,Moore,32,Female,G1 1AA,Retired,42,Married,587,18/07/2021
CUST000188,Elizabeth,Smith,32,Female,TQ1 1AA,Manager,1,Single,404,05/04/2022
CUST000189,Michael,Martin,43,Female,TQ1 1AA,Student,29,Single,527,21/10/2020
CUST000190,Joseph,Rodriguez,59,Female,PL1 1AA,Sales,45,Widowed,546,20/06/2023
CUST000191,Joseph,Smith,77,Female,S1 1AA,Retired,49,Married,793,31/05/2023
CUST000192,Robert,Garcia,30,Male,OX1 1AA,Lawyer,35,Married,382,26/10/2023
CUST000193,Mary,Rodriguez,68,Female,S1 1AA,Engineer,40,Single,485,21/11/2023
CUST000194,James,Martinez,49,Male,NE1 1AA,Sales,14,Married,551,02/04/2022
CUST000195,Sarah,Hernandez,56,Male,CT1 1AA,Manager,35,Single,654,20/03/2020
CUST000196,Jessica,Lopez,66,Female,TQ1 1AA,Teacher,48,Married,509,21/03/2022
CUST000197,Joseph,Smith,69,Female,S1 1AA,Retired,45,Married,746,09/11/2021
CUST000198,Sarah,Garcia,78,Male,CT1 1AA,Retired,20,Married,759,15/11/2023
CUST000199,Joseph,Jones,49,Male,M1 1AA,Engineer,49,Single,771,01/05/2021
CUST000200,James,Jackson,21,Male,BN1 1AA,Doctor,13,Widowed,669,10/04/2020
CUST000201,Robert,Gonzalez,47,Female,M1 1AA,Accountant,38,Married,791,31/08/2022
CUST000202,John,Williams,54,Female,B1 1AA,Accountant,49,Single,436,04/07/2021
CUST000203,Joseph,Jones,40,Female,M1 1AA,Teacher,46,Single,666,01/02/2022
CUST000204,Robert,Smith,56,Female,SW1A 1AA,Student,49,Married,483,11/02/2020
CUST000205,John,Williams,62,Female,BA1 1AA,Student,8,Married,586,22/11/2021
CUST000206,Mary,Taylor,32,Male,NE1 1AA,Lawyer,43,Widowed,771,12/09/2021
CUST000207,Robert,Miller,60,Female,EH1 1AA,Sales,20,Single,674,28/09/2021
CUST000208,Susan,Gonzalez,46,Male,B1 1AA,Self-employed,33,Single,836,28/07/2021
CUST000209,Joseph,Wilson,53,Male,NE1 1AA,Doctor,26,Divorced,810,03/10/2022
CUST000210,Thomas,Anderson,30,Male,SW1A 1AA,Manager,39,Single,549,26/11/2023
CUST000211,Barbara,Hernandez,49,Female,CF10 1AA,Self-employed,21,Widowed,809,03/11/2023
CUST000212,Richard,Garcia,24,Female,BN1 1AA,Self-employed,49,Divorced,372,20/07/2020
CUST000213,Jessica,Lopez,76,Female,PL1 1AA,Retired,42,Divorced,581,11/04/2021
CUST000214,William,Martinez,68,Male,OX1 1AA,Teacher,43,Divorced,659,02/10/2020
CUST000215,Sarah,Hernandez,39,Male,M1 1AA,Accountant,41,Married,309,07/09/2021
CUST000216,Sarah,Jackson,45,Male,TQ1 1AA,Lawyer,9,Married,510,26/06/2022
CUST000217,Barbara,Martin,19,Male,TQ1 1AA,Student,24,Single,451,19/10/2021
CUST000218,Joseph,Williams,59,Male,SW1A 1AA,Teacher,37,Divorced,304,05/07/2021
CUST000219,Barbara,Johnson,62,Male,SW1A 1AA,Retired,49,Widowed,494,03/05/2022
CUST000220,Linda,Jones,79,Female,CT1 1AA,Manager,41,Married,582,23/05/2023
CUST000221,Richard,Garcia,74,Female,CT1 1AA,Lawyer,17,Widowed,763,15/08/2023
CUST000222,Michael,Martin,70,Female,BA1 1AA,Retired,24,Widowed,412,01/07/2020
CUST000223,Michael,Johnson,23,Female,SW1A 1AA,Accountant,21,Married,570,19/01/2021
CUST000224,Linda,Williams,45,Male,SW1A 1AA,Accountant,39,Married,462,23/06/2022
CUST000225,Patricia,Rodriguez,45,Male,BN1 1AA,Accountant,41,Married,759,08/03/2021
CUST000226,Linda,Anderson,61,Female,G1 1AA,Teacher,39,Married,404,13/04/2022
CUST000227,Linda,Wilson,61,Male,CT1 1AA,Teacher,13,Divorced,581,19/09/2022
CUST000228,Elizabeth,Thomas,37,Female,BT1 1AA,Student,11,Divorced,461,23/11/2022
CUST000229,John,Martin,47,Female,SW1A 1AA,Student,46,Divorced,650,04/02/2022
CUST000230,Michael,Anderson,79,Female,BN1 1AA,Manager,19,Divorced,733,25/04/2020
CUST000231,John,Wilson,28,Male,BA1 1AA,Lawyer,11,Single,439,21/11/2022
CUST000232,Jennifer,Rodriguez,75,Female,S1 1AA,Engineer,13,Divorced,770,21/11/2020
CUST000233,Mary,Miller,72,Female,LS1 1AA,Engineer,46,Married,431,14/05/2020
CUST000234,Michael,Taylor,45,Female,LS1 1AA,Retired,45,Widowed,386,29/09/2021
CUST000235,Joseph,Brown,42,Male,BN1 1AA,Accountant,1,Divorced,482,24/12/2023
CUST000236,Richard,Lopez,56,Male,NE1 1AA,Lawyer,40,Single,667,03/11/2022
CUST000237,Richard,Wilson,79,Female,EH1 1AA,Self-employed,44,Married,428,06/04/2022
CUST000238,Jessica,Brown,50,Male,CF10 1AA,Teacher,19,Widowed,545,04/10/2020
CUST000239,Elizabeth,Martinez,18,Male,BN1 1AA,Sales,12,Widowed,677,09/12/2022
CUST000240,William,Jackson,74,Male,G1 1AA,Doctor,8,Divorced,448,10/03/2023
CUST000241,Linda,Thomas,44,Male,OX1 1AA,Manager,8,Widowed,732,29/02/2020
CUST000242,David,Taylor,79,Male,G1 1AA,Accountant,45,Divorced,768,21/12/2020
CUST000243,Thomas,Martinez,74,Male,CB1 1AA,Accountant,12,Divorced,745,29/01/2021
CUST000244,Elizabeth,Johnson,69,Male,B1 1AA,Accountant,48,Married,780,15/02/2021
CUST000245,Joseph,Davis,30,Male,OX1 1AA,Teacher,33,Married,593,28/04/2020
CUST000246,Robert,Gonzalez,58,Male,CB1 1AA,Teacher,45,Single,442,25/05/2021
CUST000247,Elizabeth,Martin,20,Male,PL1 1AA,Doctor,26,Married,549,08/03/2020
CUST000248,Jessica,Johnson,56,Female,EH1 1AA,Self-employed,39,Married,601,23/07/2022
CUST000249,Michael,Smith,23,Female,EH1 1AA,Lawyer,28,Divorced,324,13/04/2020
CUST000250,John,Miller,25,Male,BT1 1AA,Accountant,5,Married,369,08/01/2022
CUST000251,Jessica,Martinez,44,Female,B1 1AA,Engineer,8,Divorced,411,14/12/2023
CUST000252,James,Miller,26,Female,M1 1AA,Student,25,Divorced,663,11/02/2021
CUST000253,Robert,Jones,79,Male,B1 1AA,Engineer,27,Married,602,15/07/2021
CUST000254,Joseph,Rodriguez,54,Male,CB1 1AA,Retired,46,Single,770,24/01/2022
CUST000255,David,Martinez,50,Male,CB1 1AA,Engineer,23,Single,390,08/08/2022
CUST000256,Linda,Hernandez,68,Female,CB1 1AA,Retired,30,Widowed,829,31/10/2022
CUST000257,Barbara,Brown,59,Female,CT1 1AA,Sales,45,Widowed,491,23/03/2022
CUST000258,Barbara,Smith,61,Male,TQ1 1AA,Student,47,Married,541,25/07/2023
CUST000259,Richard,Thomas,41,Male,M1 1AA,Engineer,23,Single,437,10/09/2020
CUST000260,Jennifer,Wilson,32,Male,SW1A 1AA,Sales,49,Divorced,644,27/10/2023
CUST000261,John,Garcia,76,Female,S1 1AA,Manager,47,Widowed,479,03/03/2020
CUST000262,David,Jones,71,Female,B1 1AA,Lawyer,20,Divorced,802,10/05/2021
CUST000263,Jennifer,Gonzalez,49,Female,TQ1 1AA,Sales,18,Widowed,502,01/02/2022
CUST000264,James,Moore,49,Female,BA1 1AA,Lawyer,18,Married,491,28/09/2022
CUST000265,Jennifer,Davis,41,Male,L1 1AA,Engineer,2,Single,304,01/05/2023
CUST000266,Thomas,Taylor,58,Male,LS1 1AA,Self-employed,4,Widowed,536,02/07/2022
CUST000267,Elizabeth,Moore,69,Male,BN1 1AA,Sales,30,Single,610,29/12/2020
CUST000268,Christopher,Lopez,66,Male,M1 1AA,Student,33,Divorced,848,29/08/2022
CUST000269,Linda,Williams,79,Female,EH1 1AA,Engineer,36,Married,355,16/04/2023
CUST000270,Jessica,Gonzalez,66,Female,CF10 1AA,Accountant,18,Single,742,03/02/2023
CUST000271,Barbara,Johnson,75,Male,TQ1 1AA,Teacher,37,Married,536,17/12/2021
CUST000272,William,Wilson,69,Male,G1 1AA,Sales,19,Single,496,06/12/2021
CUST000273,Richard,Smith,29,Female,M1 1AA,Student,47,Divorced,813,30/11/2020
CUST000274,Christopher,Anderson,79,Male,B1 1AA,Manager,28,Divorced,748,13/06/2021
CUST000275,Richard,Williams,56,Female,G1 1AA,Accountant,40,Married,659,11/11/2023
CUST000276,John,Hernandez,19,Male,CT1 1AA,Manager,20,Divorced,329,04/07/2020
CUST000277,Sarah,Jackson,20,Male,M1 1AA,Engineer,49,Widowed,407,06/08/2021
CUST000278,Jessica,Wilson,66,Male,S1 1AA,Teacher,33,Single,744,26/02/2020
CUST000279,John,Jackson,54,Male,L1 1AA,Sales,12,Divorced,737,02/03/2022
CUST000280,Mary,Gonzalez,66,Male,SW1A 1AA,Sales,15,Widowed,756,11/04/2020
CUST000281,John,Wilson,73,Male,CF10 1AA,Self-employed,41,Married,794,29/11/2020
CUST000282,John,Martinez,34,Male,NE1 1AA,Self-employed,39,Widowed,546,17/03/2023
CUST000283,Sarah,Brown,76,Female,CB1 1AA,Engineer,2,Married,842,14/03/2021
CUST000284,Barbara,Gonzalez,66,Female,B1 1AA,Engineer,29,Married,738,29/03/2021
CUST000285,Susan,Smith,19,Female,BT1 1AA,Teacher,41,Single,577,18/08/2023
CUST000286,Susan,Hernandez,19,Female,S1 1AA,Self-employed,10,Single,410,06/04/2021
CUST000287,David,Garcia,45,Female,EH1 1AA,Student,2,Widowed,684,19/10/2023
CUST000288,John,Martin,71,Male,CB1 1AA,Student,11,Single,490,27/02/2021
CUST000289,Susan,Anderson,40,Male,CT1 1AA,Teacher,13,Single,789,05/07/2021
CUST000290,Robert,Lopez,54,Female,L1 1AA,Student,10,Single,725,27/08/2023
CUST000291,David,Williams,49,Male,CB1 1AA,Retired,14,Widowed,704,18/04/2022
CUST000292,Robert,Wilson,50,Female,NE1 1AA,Lawyer,18,Divorced,634,17/11/2022
CUST000293,Karen,Brown,18,Female,B1 1AA,Teacher,9,Single,508,11/02/2020
CUST000294,Robert,Davis,36,Male,BN1 1AA,Teacher,39,Single,321,29/10/2023
CUST000295,Joseph,Wilson,79,Male,OX1 1AA,Doctor,28,Widowed,507,19/01/2020
CUST000296,Jennifer,Jackson,19,Male,M1 1AA,Accountant,3,Divorced,307,28/08/2022
CUST000297,Michael,Gonzalez,70,Female,LS1 1AA,Accountant,20,Single,828,27/09/2020
CUST000298,Sarah,Taylor,61,Male,BA1 1AA,Retired,6,Married,465,18/08/2023
CUST000299,Joseph,Williams,43,Female,EH1 1AA,Self-employed,27,Widowed,795,20/12/2020
CUST000300,Sarah,Gonzalez,49,Female,B1 1AA,Engineer,2,Single,728,16/05/2023
CUST000301,Karen,Martinez,23,Female,L1 1AA,Engineer,29,Single,462,18/01/2020
CUST000302,John,Hernandez,49,Male,CB1 1AA,Manager,38,Married,665,03/04/2021
CUST000303,Karen,Davis,72,Male,L1 1AA,Retired,3,Married,825,31/05/2021
CUST000304,Robert,Hernandez,21,Female,SW1A 1AA,Teacher,16,Widowed,538,30/05/2023
CUST000305,Linda,Garcia,72,Male,G1 1AA,Retired,30,Widowed,371,17/09/2021
CUST000306,Sarah,Williams,28,Male,PL1 1AA,Retired,40,Married,744,30/12/2023
CUST000307,Sarah,Taylor,73,Male,TQ1 1AA,Retired,2,Widowed,808,23/12/2023
CUST000308,Susan,Brown,76,Female,EH1 1AA,Accountant,17,Married,568,09/08/2023
CUST000309,Mary,Taylor,34,Female,OX1 1AA,Retired,41,Single,714,17/07/2021
CUST000310,Thomas,Taylor,55,Male,CT1 1AA,Lawyer,12,Married,544,17/05/2022
CUST000311,Richard,Miller,41,Female,CB1 1AA,Engineer,35,Married,359,10/02/2022
CUST000312,Mary,Lopez,22,Male,BA1 1AA,Manager,43,Divorced,305,15/12/2021
CUST000313,Joseph,Lopez,69,Male,S1 1AA,Lawyer,1,Married,706,29/07/2022
CUST000314,Thomas,Jones,51,Male,CB1 1AA,Manager,45,Married,516,31/05/2021
CUST000315,Jennifer,Davis,23,Male,B1 1AA,Doctor,15,Divorced,325,22/03/2021
CUST000316,William,Brown,39,Female,BT1 1AA,Manager,26,Widowed,304,13/08/2022
CUST000317,Christopher,Jones,28,Female,EH1 1AA,Engineer,37,Divorced,831,10/09/2021
CUST000318,Elizabeth,Rodriguez,65,Female,B1 1AA,Engineer,21,Single,689,18/10/2023
CUST000319,Mary,Miller,33,Male,B1 1AA,Retired,49,Divorced,747,02/12/2022
CUST000320,Robert,Garcia,50,Male,G1 1AA,Sales,31,Single,445,01/07/2023
CUST000321,James,Martin,26,Male,NE1 1AA,Doctor,25,Widowed,687,24/03/2022
CUST000322,Elizabeth,Jones,77,Female,CB1 1AA,Teacher,23,Divorced,548,12/04/2023
CUST000323,Karen,Williams,76,Male,NE1 1AA,Student,24,Divorced,825,28/07/2020
CUST000324,Sarah,Garcia,23,Female,CB1 1AA,Manager,38,Widowed,761,16/01/2020
CUST000325,Michael,Thomas,33,Female,L1 1AA,Sales,28,Single,312,13/11/2022
CUST000326,Robert,Anderson,46,Female,OX1 1AA,Retired,21,Divorced,683,18/09/2023
CUST000327,Jessica,Jackson,20,Female,LS1 1AA,Accountant,43,Single,698,05/02/2022
CUST000328,Richard,Jackson,37,Female,B1 1AA,Teacher,18,Divorced,318,23/02/2023
CUST000329,Susan,Anderson,77,Female,SW1A 1AA,Self-employed,36,Married,790,18/08/2023
CUST000330,Thomas,Jackson,76,Male,BT1 1AA,Sales,35,Divorced,718,01/05/2023
CUST000331,William,Martin,53,Male,PL1 1AA,Accountant,45,Widowed,636,01/06/2023
CUST000332,Patricia,Hernandez,36,Female,OX1 1AA,Doctor,9,Widowed,718,01/08/2021
CUST000333,Robert,Hernandez,43,Female,G1 1AA,Retired,38,Single,421,03/09/2021
CUST000334,Joseph,Jones,20,Male,LS1 1AA,Teacher,30,Divorced,731,02/11/2023
CUST000335,Patricia,Anderson,36,Female,NE1 1AA,Teacher,44,Single,343,09/08/2020
CUST000336,Christopher,Williams,37,Female,B1 1AA,Teacher,34,Single,616,13/09/2022
CUST000337,David,Thomas,49,Male,S1 1AA,Doctor,32,Married,680,10/05/2020
CUST000338,Elizabeth,Anderson,24,Female,BA1 1AA,Manager,3,Married,444,19/11/2021
CUST000339,Jessica,Martinez,69,Female,PL1 1AA,Self-employed,3,Widowed,626,20/07/2021
CUST000340,Christopher,Rodriguez,58,Female,CT1 1AA,Doctor,28,Single,662,04/08/2023
CUST000341,Karen,Jackson,50,Male,CT1 1AA,Student,44,Widowed,349,27/10/2021
CUST000342,Susan,Johnson,57,Male,BN1 1AA,Self-employed,15,Divorced,364,21/07/2021
CUST000343,James,Lopez,56,Male,BA1 1AA,Engineer,41,Single,654,18/06/2021
CUST000344,Jessica,Taylor,35,Female,LS1 1AA,Retired,23,Single,463,05/09/2023
CUST000345,Christopher,Williams,57,Female,SW1A 1AA,Doctor,40,Divorced,440,27/12/2023
CUST000346,Michael,Martinez,18,Male,B1 1AA,Accountant,11,Divorced,427,27/08/2023
CUST000347,William,Anderson,28,Female,OX1 1AA,Self-employed,48,Widowed,697,03/09/2021
CUST000348,Thomas,Anderson,45,Female,CT1 1AA,Student,32,Widowed,762,20/01/2021
CUST000349,Michael,Johnson,74,Female,B1 1AA,Engineer,36,Divorced,486,03/11/2020
CUST000350,Michael,Johnson,42,Female,L1 1AA,Manager,33,Widowed,489,25/11/2022
CUST000351,Jessica,Lopez,67,Female,CB1 1AA,Accountant,24,Divorced,687,07/05/2021
CUST000352,William,Martinez,40,Male,SW1A 1AA,Self-employed,39,Single,728,26/04/2020
CUST000353,Thomas,Williams,48,Female,BT1 1AA,Retired,34,Single,583,13/05/2023
CUST000354,Christopher,Williams,47,Male,BA1 1AA,Accountant,28,Married,536,07/04/2022
CUST000355,Karen,Martin,59,Female,CB1 1AA,Engineer,37,Single,493,14/09/2023
CUST000356,Richard,Martin,52,Male,B1 1AA,Accountant,7,Divorced,586,16/10/2021
CUST000357,Mary,Taylor,24,Female,CT1 1AA,Lawyer,4,Widowed,435,26/10/2023
CUST000358,Richard,Gonzalez,77,Male,EH1 1AA,Sales,37,Married,470,13/10/2020
CUST000359,Thomas,Anderson,33,Female,BN1 1AA,Manager,1,Widowed,458,22/02/2020
CUST000360,Susan,Jackson,43,Male,S1 1AA,Engineer,1,Divorced,500,04/09/2023
CUST000361,Barbara,Moore,65,Female,CB1 1AA,Accountant,47,Single,786,15/10/2022
CUST000362,Thomas,Johnson,74,Male,S1 1AA,Sales,20,Married,803,28/08/2021
CUST000363,John,Anderson,69,Female,NE1 1AA,Sales,19,Divorced,670,15/06/2021
CUST000364,Robert,Jackson,77,Male,G1 1AA,Accountant,29,Married,402,07/05/2022
CUST000365,Linda,Miller,66,Male,BT1 1AA,Retired,10,Married,424,08/04/2022
CUST000366,Thomas,Hernandez,19,Female,G1 1AA,Lawyer,18,Single,612,06/03/2022
CUST000367,John,Martin,18,Female,TQ1 1AA,Doctor,28,Divorced,757,13/03/2020
CUST000368,James,Thomas,65,Male,NE1 1AA,Lawyer,35,Widowed,529,09/04/2023
CUST000369,Mary,Taylor,79,Female,B1 1AA,Accountant,43,Married,496,21/12/2023
CUST000370,William,Jones,29,Male,S1 1AA,Manager,47,Married,722,17/03/2023
CUST000371,Thomas,Johnson,22,Male,BA1 1AA,Doctor,31,Widowed,470,23/01/2021
CUST000372,David,Anderson,54,Male,G1 1AA,Engineer,27,Divorced,681,03/12/2021
CUST000373,Elizabeth,Brown,49,Female,BA1 1AA,Lawyer,11,Married,472,31/12/2023
CUST000374,Jessica,Hernandez,76,Male,BT1 1AA,Accountant,49,Married,752,31/03/2021
CUST000375,Linda,Williams,72,Male,TQ1 1AA,Lawyer,49,Married,649,06/11/2023
CUST000376,Jessica,Taylor,26,Female,B1 1AA,Doctor,38,Divorced,793,30/12/2022
CUST000377,James,Garcia,58,Female,OX1 1AA,Student,5,Divorced,303,31/07/2023
CUST000378,Michael,Johnson,52,Female,G1 1AA,Self-employed,8,Widowed,392,01/09/2022
CUST000379,Robert,Davis,36,Female,EH1 1AA,Lawyer,34,Divorced,305,07/10/2023
CUST000380,William,Anderson,65,Male,TQ1 1AA,Engineer,48,Divorced,587,04/01/2022
CUST000381,Jessica,Anderson,33,Male,CF10 1AA,Engineer,12,Single,445,04/11/2022
CUST000382,John,Taylor,20,Male,PL1 1AA,Teacher,38,Widowed,723,06/09/2021
CUST000383,Patricia,Taylor,37,Male,LS1 1AA,Lawyer,1,Married,756,14/12/2020
CUST000384,Sarah,Martin,41,Female,NE1 1AA,Self-employed,31,Divorced,501,08/09/2023
CUST000385,Jessica,Garcia,71,Male,BT1 1AA,Retired,4,Married,511,17/02/2023
CUST000386,William,Lopez,73,Male,SW1A 1AA,Sales,49,Married,305,05/01/2021
CUST000387,Linda,Lopez,50,Female,CB1 1AA,Self-employed,45,Single,675,24/08/2021
CUST000388,William,Martinez,41,Male,L1 1AA,Sales,5,Divorced,746,18/07/2020
CUST000389,John,Gonzalez,69,Male,CB1 1AA,Sales,30,Widowed,405,22/08/2022
CUST000390,Christopher,Wilson,28,Male,L1 1AA,Student,24,Divorced,700,19/09/2020
CUST000391,Patricia,Hernandez,66,Male,PL1 1AA,Teacher,3,Married,395,13/06/2021
CUST000392,John,Martin,25,Male,L1 1AA,Self-employed,11,Widowed,687,18/02/2023
CUST000393,Patricia,Johnson,53,Male,BA1 1AA,Self-employed,45,Divorced,751,09/01/2021
CUST000394,Richard,Hernandez,55,Female,NE1 1AA,Student,4,Married,715,24/10/2023
CUST000395,Joseph,Williams,57,Female,BT1 1AA,Lawyer,26,Married,803,18/11/2021
CUST000396,Michael,Hernandez,37,Male,L1 1AA,Lawyer,27,Single,753,02/09/2023
CUST000397,Patricia,Brown,79,Male,CF10 1AA,Lawyer,46,Single,590,01/07/2020
CUST000398,Jessica,Moore,52,Female,TQ1 1AA,Manager,43,Single,833,31/03/2021
CUST000399,Linda,Gonzalez,65,Male,L1 1AA,Sales,27,Married,492,28/12/2021
CUST000400,Karen,Martinez,79,Male,S1 1AA,Manager,42,Divorced,449,02/04/2021
CUST000401,William,Rodriguez,42,Male,CB1 1AA,Teacher,6,Single,814,20/09/2021
CUST000402,Joseph,Martin,52,Female,L1 1AA,Student,15,Divorced,692,11/05/2022
CUST000403,David,Jones,42,Male,BT1 1AA,Self-employed,30,Single,615,09/11/2021
CUST000404,David,Hernandez,46,Female,TQ1 1AA,Sales,42,Widowed,375,31/01/2022
CUST000405,Linda,Williams,35,Male,EH1 1AA,Manager,37,Widowed,569,17/06/2021
CUST000406,James,Jackson,63,Female,L1 1AA,Manager,37,Single,524,14/04/2023
CUST000407,David,Jones,35,Female,CB1 1AA,Accountant,42,Married,829,25/08/2021
CUST000408,Mary,Lopez,19,Male,G1 1AA,Manager,37,Single,412,07/08/2022
CUST000409,Linda,Martinez,71,Female,CB1 1AA,Retired,35,Single,550,29/08/2020
CUST000410,Joseph,Gonzalez,52,Male,OX1 1AA,Self-employed,23,Married,532,21/08/2022
CUST000411,Thomas,Jones,33,Female,LS1 1AA,Retired,6,Widowed,382,19/04/2020
CUST000412,David,Martin,78,Male,CF10 1AA,Self-employed,4,Divorced,424,23/07/2023
CUST000413,Michael,Williams,58,Male,CT1 1AA,Student,18,Single,474,10/04/2023
CUST000414,Jennifer,Martinez,53,Female,S1 1AA,Self-employed,9,Married,368,03/04/2023
CUST000415,John,Moore,50,Male,CT1 1AA,Retired,49,Single,346,25/06/2023
CUST000416,Barbara,Gonzalez,21,Male,SW1A 1AA,Self-employed,29,Married,555,25/05/2020
CUST000417,Joseph,Hernandez,50,Female,PL1 1AA,Student,13,Divorced,329,25/08/2022
CUST000418,Richard,Jones,31,Male,CF10 1AA,Student,47,Divorced,580,02/02/2021
CUST000419,Elizabeth,Taylor,38,Male,PL1 1AA,Teacher,17,Widowed,536,21/10/2022
CUST000420,Patricia,Williams,65,Female,BT1 1AA,Self-employed,45,Married,547,02/09/2020
CUST000421,Christopher,Wilson,37,Female,B1 1AA,Accountant,32,Married,667,26/10/2023
CUST000422,Joseph,Taylor,73,Male,BA1 1AA,Lawyer,48,Widowed,794,20/02/2022
CUST000423,Joseph,Lopez,25,Male,TQ1 1AA,Engineer,22,Widowed,324,21/12/2022
CUST000424,James,Smith,24,Female,NE1 1AA,Student,4,Married,789,03/09/2021
CUST000425,Richard,Lopez,20,Female,BT1 1AA,Doctor,5,Widowed,793,26/04/2022
CUST000426,Jennifer,Martinez,34,Male,EH1 1AA,Lawyer,37,Divorced,613,20/04/2020
CUST000427,Mary,Garcia,50,Female,G1 1AA,Sales,41,Single,674,04/11/2020
CUST000428,Thomas,Miller,65,Male,NE1 1AA,Self-employed,49,Divorced,324,08/10/2020
CUST000429,Robert,Hernandez,29,Male,BA1 1AA,Retired,13,Widowed,633,14/02/2021
CUST000430,Thomas,Thomas,76,Male,CB1 1AA,Engineer,34,Married,654,02/12/2021
CUST000431,Patricia,Miller,68,Male,B1 1AA,Doctor,45,Married,415,18/04/2022
CUST000432,Susan,Davis,39,Male,PL1 1AA,Lawyer,22,Divorced,347,12/03/2023
CUST000433,Jennifer,Jones,72,Female,TQ1 1AA,Self-employed,23,Married,398,26/07/2022
CUST000434,Jessica,Jones,39,Female,CB1 1AA,Teacher,3,Widowed,758,20/10/2020
CUST000435,Mary,Williams,63,Female,CT1 1AA,Sales,42,Divorced,822,09/10/2021
CUST000436,James,Martinez,47,Female,BN1 1AA,Engineer,34,Married,704,04/01/2021
CUST000437,Michael,Brown,55,Male,BA1 1AA,Accountant,32,Single,513,14/06/2020
CUST000438,Thomas,Taylor,55,Male,CT1 1AA,Teacher,45,Single,802,25/09/2022
CUST000439,David,Moore,62,Male,M1 1AA,Doctor,49,Widowed,747,12/11/2021
CUST000440,Sarah,Taylor,68,Male,OX1 1AA,Engineer,21,Married,557,16/07/2023
CUST000441,Thomas,Johnson,71,Female,CT1 1AA,Teacher,46,Widowed,420,28/12/2020
CUST000442,John,Hernandez,25,Male,B1 1AA,Sales,44,Divorced,353,03/10/2021
CUST000443,Michael,Martin,44,Male,LS1 1AA,Accountant,21,Single,630,23/07/2023
CUST000444,Karen,Jones,44,Female,EH1 1AA,Teacher,44,Divorced,540,28/04/2020
CUST000445,Linda,Martin,51,Female,OX1 1AA,Manager,11,Married,829,10/01/2020
CUST000446,Patricia,Gonzalez,38,Female,S1 1AA,Accountant,39,Widowed,782,14/07/2022
CUST000447,Mary,Jones,47,Female,M1 1AA,Doctor,4,Widowed,486,14/07/2021
CUST000448,Linda,Garcia,50,Male,CB1 1AA,Sales,1,Widowed,561,04/03/2021
CUST000449,Karen,Garcia,45,Male,L1 1AA,Self-employed,28,Divorced,663,11/12/2020
CUST000450,Susan,Martin,64,Female,BA1 1AA,Retired,24,Single,790,26/03/2023
CUST000451,Michael,Garcia,50,Male,LS1 1AA,Retired,35,Divorced,730,20/11/2020
CUST000452,Jennifer,Anderson,22,Male,SW1A 1AA,Retired,13,Divorced,538,29/09/2022
CUST000453,Sarah,Johnson,77,Male,LS1 1AA,Engineer,47,Married,603,29/06/2020
CUST000454,Richard,Wilson,78,Female,G1 1AA,Doctor,34,Married,597,22/09/2020
CUST000455,Thomas,Lopez,65,Male,EH1 1AA,Sales,11,Married,375,12/06/2023
CUST000456,John,Davis,36,Female,BN1 1AA,Accountant,36,Single,632,07/06/2022
CUST000457,Linda,Anderson,21,Male,BN1 1AA,Engineer,17,Single,773,21/07/2023
CUST000458,James,Martin,52,Male,CT1 1AA,Doctor,35,Married,582,29/05/2022
CUST000459,Susan,Martinez,66,Male,EH1 1AA,Self-employed,18,Married,371,06/04/2022
CUST000460,Jessica,Anderson,34,Female,PL1 1AA,Manager,40,Single,562,28/05/2022
CUST000461,Richard,Davis,61,Male,OX1 1AA,Sales,22,Widowed,311,04/09/2022
CUST000462,Patricia,Moore,45,Female,CB1 1AA,Retired,24,Single,440,24/02/2022
CUST000463,Linda,Davis,47,Female,PL1 1AA,Teacher,19,Single,316,10/01/2020
CUST000464,Robert,Martinez,46,Female,BN1 1AA,Sales,37,Single,362,18/03/2020
CUST000465,Mary,Thomas,63,Male,NE1 1AA,Student,39,Married,552,29/12/2022
CUST000466,Karen,Miller,70,Male,OX1 1AA,Doctor,21,Widowed,764,12/02/2021
CUST000467,Mary,Lopez,23,Male,SW1A 1AA,Lawyer,8,Single,675,03/02/2022
CUST000468,Michael,Jackson,52,Male,TQ1 1AA,Self-employed,28,Married,819,29/01/2020
CUST000469,Christopher,Anderson,77,Female,LS1 1AA,Manager,5,Divorced,389,21/10/2021
CUST000470,Susan,Anderson,58,Female,BT1 1AA,Self-employed,17,Divorced,474,23/12/2022
CUST000471,Christopher,Martinez,54,Female,BA1 1AA,Sales,37,Single,375,25/01/2021
CUST000472,Linda,Gonzalez,41,Male,B1 1AA,Lawyer,36,Divorced,699,06/02/2020
CUST000473,Mary,Taylor,46,Female,LS1 1AA,Student,19,Widowed,370,17/10/2023
CUST000474,Jennifer,Taylor,66,Male,NE1 1AA,Accountant,27,Divorced,479,09/01/2020
CUST000475,Christopher,Wilson,63,Female,OX1 1AA,Teacher,34,Divorced,423,07/07/2023
CUST000476,Jessica,Garcia,70,Male,BT1 1AA,Lawyer,11,Widowed,680,24/05/2021
CUST000477,William,Miller,48,Male,L1 1AA,Doctor,45,Single,592,08/04/2021
CUST000478,Richard,Martin,52,Female,PL1 1AA,Retired,47,Single,494,21/11/2023
CUST000479,Linda,Jones,77,Female,CF10 1AA,Student,12,Widowed,527,06/12/2021
CUST000480,Jennifer,Rodriguez,50,Female,BN1 1AA,Teacher,21,Widowed,730,01/10/2021
CUST000481,David,Johnson,69,Female,TQ1 1AA,Manager,11,Widowed,735,21/09/2020
CUST000482,Karen,Thomas,78,Male,OX1 1AA,Retired,39,Divorced,760,29/07/2020
CUST000483,Sarah,Lopez,38,Female,TQ1 1AA,Sales,28,Widowed,320,24/02/2022
CUST000484,Christopher,Moore,49,Female,LS1 1AA,Lawyer,5,Married,363,27/10/2022
CUST000485,Jennifer,Brown,40,Female,PL1 1AA,Teacher,17,Divorced,464,20/04/2023
CUST000486,Jessica,Taylor,50,Male,PL1 1AA,Engineer,20,Single,326,18/09/2021
CUST000487,James,Brown,20,Male,L1 1AA,Accountant,41,Single,610,08/12/2020
CUST000488,Christopher,Martinez,35,Female,B1 1AA,Accountant,46,Single,584,13/05/2020
CUST000489,Christopher,Williams,42,Male,BT1 1AA,Student,12,Divorced,580,03/04/2020
CUST000490,Richard,Garcia,59,Female,M1 1AA,Manager,6,Married,463,02/09/2021
CUST000491,Linda,Rodriguez,48,Male,LS1 1AA,Student,17,Widowed,523,18/08/2021
CUST000492,Sarah,Anderson,71,Male,SW1A 1AA,Engineer,19,Widowed,445,22/07/2022
CUST000493,Karen,Taylor,75,Male,L1 1AA,Doctor,26,Single,329,01/12/2022
CUST000494,Mary,Jones,20,Male,LS1 1AA,Manager,48,Single,344,06/05/2023
CUST000495,Elizabeth,Wilson,57,Female,S1 1AA,Self-employed,44,Divorced,770,09/12/2022
CUST000496,Elizabeth,Williams,63,Female,EH1 1AA,Doctor,44,Married,333,22/11/2021
CUST000497,Elizabeth,Davis,41,Female,BN1 1AA,Manager,32,Widowed,726,07/06/2022
CUST000498,Richard,Anderson,67,Male,S1 1AA,Manager,6,Divorced,520,07/11/2023
CUST000499,Susan,Lopez,49,Female,CT1 1AA,Engineer,36,Widowed,833,01/10/2020
CUST000500,Barbara,Smith,64,Female,S1 1AA,Sales,38,Single,666,02/12/2021
CUST000501,David,Wilson,39,Female,L1 1AA,Engineer,11,Widowed,849,30/09/2022
CUST000502,Robert,Johnson,40,Male,CT1 1AA,Manager,33,Married,415,05/01/2022
CUST000503,Christopher,Gonzalez,19,Male,BA1 1AA,Teacher,24,Married,538,20/01/2021
CUST000504,Susan,Taylor,44,Male,PL1 1AA,Doctor,23,Single,634,03/12/2020
CUST000505,Karen,Lopez,59,Female,EH1 1AA,Engineer,15,Married,740,06/04/2022
CUST000506,Mary,Davis,19,Female,CB1 1AA,Sales,27,Married,447,09/02/2020
CUST000507,Robert,Gonzalez,43,Female,S1 1AA,Lawyer,11,Divorced,308,12/04/2021
CUST000508,Joseph,Williams,34,Male,S1 1AA,Student,17,Widowed,587,04/04/2021
CUST000509,Christopher,Lopez,57,Male,BA1 1AA,Manager,14,Single,687,25/09/2020
CUST000510,Joseph,Davis,50,Female,CB1 1AA,Self-employed,27,Single,349,08/03/2021
CUST000511,Richard,Smith,26,Male,SW1A 1AA,Lawyer,18,Single,816,14/02/2020
CUST000512,William,Hernandez,60,Male,CF10 1AA,Accountant,28,Single,577,22/04/2023
CUST000513,James,Brown,71,Male,PL1 1AA,Retired,47,Single,599,30/10/2022
CUST000514,John,Hernandez,65,Male,BA1 1AA,Sales,47,Married,434,12/12/2020
CUST000515,Joseph,Jones,56,Female,CB1 1AA,Self-employed,4,Divorced,446,09/09/2020
CUST000516,Barbara,Jones,46,Male,SW1A 1AA,Retired,7,Single,789,20/01/2022
CUST000517,Karen,Johnson,59,Male,CF10 1AA,Sales,45,Divorced,777,27/12/2023
CUST000518,Robert,Martinez,72,Male,CF10 1AA,Teacher,35,Divorced,458,25/08/2023
CUST000519,Elizabeth,Thomas,43,Male,G1 1AA,Student,48,Married,683,17/03/2020
CUST000520,Linda,Jones,52,Female,B1 1AA,Lawyer,9,Single,462,07/02/2022
CUST000521,Sarah,Thomas,67,Female,LS1 1AA,Doctor,8,Married,740,04/08/2023
CUST000522,Richard,Anderson,42,Male,CT1 1AA,Sales,45,Single,488,07/06/2021
CUST000523,Jennifer,Martin,41,Male,S1 1AA,Doctor,17,Married,714,31/12/2022
CUST000524,Barbara,Smith,30,Male,OX1 1AA,Student,17,Divorced,638,30/06/2023
CUST000525,Jennifer,Williams,77,Male,L1 1AA,Manager,49,Single,480,09/04/2020
CUST000526,Joseph,Smith,75,Male,CF10 1AA,Accountant,33,Widowed,587,01/05/2023
CUST000527,William,Rodriguez,24,Male,PL1 1AA,Lawyer,32,Divorced,486,08/04/2020
CUST000528,James,Miller,74,Female,LS1 1AA,Student,8,Widowed,437,17/09/2023
CUST000529,Michael,Jones,53,Male,G1 1AA,Student,19,Divorced,429,09/08/2020
CUST000530,Linda,Moore,62,Female,TQ1 1AA,Teacher,38,Married,493,31/08/2023
CUST000531,Joseph,Martin,37,Female,BN1 1AA,Retired,3,Single,615,10/02/2020
CUST000532,David,Taylor,18,Male,L1 1AA,Accountant,5,Divorced,443,08/04/2020
CUST000533,Susan,Wilson,25,Female,CB1 1AA,Lawyer,13,Married,315,13/11/2023
CUST000534,Elizabeth,Brown,63,Female,CB1 1AA,Manager,47,Single,601,25/08/2020
CUST000535,John,Martinez,33,Female,LS1 1AA,Manager,46,Single,722,03/05/2022
CUST000536,Jessica,Davis,31,Female,OX1 1AA,Engineer,31,Divorced,544,28/06/2022
CUST000537,Joseph,Martinez,29,Female,OX1 1AA,Student,16,Single,406,17/02/2022
CUST000538,Michael,Brown,68,Female,PL1 1AA,Sales,32,Divorced,387,10/09/2020
CUST000539,Elizabeth,Johnson,40,Male,S1 1AA,Teacher,22,Single,428,25/01/2023
CUST000540,William,Davis,32,Female,BT1 1AA,Accountant,29,Widowed,640,01/06/2021
CUST000541,Elizabeth,Wilson,45,Female,B1 1AA,Manager,22,Married,303,29/08/2022
CUST000542,Susan,Martin,51,Female,NE1 1AA,Lawyer,43,Widowed,626,08/12/2023
CUST000543,Jessica,Anderson,19,Male,L1 1AA,Engineer,3,Divorced,709,09/11/2020
CUST000544,Karen,Williams,49,Female,LS1 1AA,Lawyer,10,Widowed,605,24/02/2021
CUST000545,Mary,Brown,40,Male,EH1 1AA,Teacher,42,Divorced,524,24/11/2023
CUST000546,Elizabeth,Thomas,39,Female,BT1 1AA,Sales,21,Single,647,05/11/2023
CUST000547,Karen,Martin,68,Male,LS1 1AA,Engineer,16,Single,620,14/07/2023
CUST000548,Susan,Moore,42,Male,S1 1AA,Engineer,12,Divorced,480,20/01/2020
CUST000549,Linda,Smith,75,Female,OX1 1AA,Retired,2,Widowed,685,08/09/2021
CUST000550,Jessica,Taylor,79,Female,NE1 1AA,Accountant,41,Single,407,11/05/2022
CUST000551,Elizabeth,Jackson,78,Male,BN1 1AA,Engineer,24,Married,830,17/09/2023
CUST000552,David,Davis,39,Female,CB1 1AA,Retired,35,Single,709,25/07/2020
CUST000553,Barbara,Jones,75,Male,BA1 1AA,Retired,30,Married,595,18/09/2023
CUST000554,Elizabeth,Martinez,75,Male,NE1 1AA,Teacher,30,Widowed,470,01/12/2022
CUST000555,Thomas,Wilson,39,Male,CB1 1AA,Doctor,47,Married,630,06/07/2021
CUST000556,Joseph,Smith,66,Male,BA1 1AA,Lawyer,35,Married,792,29/06/2023
CUST000557,Thomas,Martin,69,Male,S1 1AA,Sales,19,Married,494,25/05/2023
CUST000558,Susan,Lopez,59,Female,TQ1 1AA,Self-employed,8,Married,311,06/12/2023
CUST000559,Barbara,Davis,23,Male,CT1 1AA,Lawyer,26,Single,494,07/10/2020
CUST000560,Joseph,Jackson,32,Male,S1 1AA,Engineer,49,Married,789,07/05/2022
CUST000561,Thomas,Wilson,71,Female,CT1 1AA,Sales,40,Single,481,02/08/2020
CUST000562,Elizabeth,Garcia,60,Male,S1 1AA,Manager,7,Married,615,13/11/2022
CUST000563,Robert,Williams,77,Female,TQ1 1AA,Doctor,30,Divorced,329,19/06/2023
CUST000564,Christopher,Taylor,54,Female,BT1 1AA,Manager,7,Widowed,395,29/08/2020
CUST000565,Joseph,Lopez,50,Female,NE1 1AA,Manager,3,Married,680,01/08/2021
CUST000566,Thomas,Williams,25,Male,S1 1AA,Accountant,1,Divorced,743,21/08/2020
CUST000567,Mary,Taylor,70,Male,L1 1AA,Lawyer,36,Married,597,05/08/2020
CUST000568,Mary,Moore,77,Male,PL1 1AA,Self-employed,25,Married,660,16/10/2022
CUST000569,Jessica,Taylor,61,Female,M1 1AA,Teacher,37,Married,673,10/02/2021
CUST000570,Robert,Taylor,61,Male,OX1 1AA,Self-employed,1,Divorced,602,01/06/2023
CUST000571,William,Moore,22,Female,SW1A 1AA,Manager,15,Widowed,720,13/02/2021
CUST000572,William,Smith,56,Male,TQ1 1AA,Engineer,37,Divorced,545,22/06/2021
CUST000573,Joseph,Gonzalez,21,Female,NE1 1AA,Doctor,13,Widowed,536,07/12/2022
CUST000574,Jennifer,Thomas,23,Male,CF10 1AA,Student,40,Married,833,17/02/2021
CUST000575,William,Johnson,62,Male,CB1 1AA,Self-employed,8,Single,484,03/01/2022
CUST000576,Richard,Gonzalez,49,Male,CT1 1AA,Manager,5,Married,767,11/12/2023
CUST000577,Robert,Lopez,69,Female,BN1 1AA,Doctor,9,Widowed,662,19/04/2022
CUST000578,Linda,Rodriguez,47,Female,TQ1 1AA,Sales,1,Divorced,582,27/08/2021
CUST000579,Linda,Smith,64,Male,BA1 1AA,Lawyer,36,Married,635,24/11/2020
CUST000580,Mary,Lopez,52,Male,TQ1 1AA,Retired,35,Divorced,461,21/03/2020
CUST000581,Jessica,Williams,72,Female,BA1 1AA,Accountant,2,Divorced,459,27/01/2023
CUST000582,Elizabeth,Lopez,57,Female,PL1 1AA,Doctor,40,Divorced,773,13/10/2022
CUST000583,Linda,Davis,69,Female,TQ1 1AA,Engineer,23,Married,621,01/03/2021
CUST000584,John,Brown,33,Male,S1 1AA,Engineer,9,Divorced,311,10/11/2023
CUST000585,Richard,Jackson,30,Female,B1 1AA,Doctor,34,Divorced,723,11/09/2022
CUST000586,Linda,Hernandez,67,Male,SW1A 1AA,Engineer,46,Married,372,08/11/2021
CUST000587,Jennifer,Jones,77,Female,EH1 1AA,Lawyer,14,Divorced,500,25/04/2021
CUST000588,Sarah,Johnson,59,Male,BT1 1AA,Engineer,4,Married,821,06/01/2020
CUST000589,James,Lopez,47,Female,M1 1AA,Self-employed,30,Widowed,804,27/01/2020
CUST000590,Sarah,Moore,36,Female,G1 1AA,Retired,31,Widowed,338,07/10/2023
CUST000591,Jennifer,Hernandez,34,Female,EH1 1AA,Engineer,38,Widowed,359,01/07/2020
CUST000592,Barbara,Garcia,73,Female,CT1 1AA,Retired,11,Divorced,620,14/08/2020
CUST000593,James,Anderson,36,Female,BT1 1AA,Manager,35,Single,734,21/03/2023
CUST000594,Patricia,Thomas,45,Male,S1 1AA,Teacher,8,Single,707,02/10/2023
CUST000595,Christopher,Garcia,75,Female,PL1 1AA,Lawyer,3,Divorced,685,08/10/2022
CUST000596,Jennifer,Jones,72,Female,TQ1 1AA,Teacher,14,Single,377,01/11/2020
CUST000597,Linda,Williams,43,Female,CT1 1AA,Manager,13,Married,493,03/07/2020
CUST000598,Jessica,Anderson,54,Male,BN1 1AA,Lawyer,45,Single,584,13/11/2022
CUST000599,Jessica,Johnson,43,Female,LS1 1AA,Doctor,32,Divorced,826,02/06/2020
CUST000600,Karen,Martinez,70,Male,LS1 1AA,Doctor,34,Divorced,823,26/07/2020
CUST000601,Joseph,Miller,79,Female,G1 1AA,Retired,45,Married,455,08/06/2021
CUST000602,Barbara,Johnson,40,Female,CT1 1AA,Manager,19,Widowed,639,12/08/2023
CUST000603,Joseph,Miller,26,Male,OX1 1AA,Retired,38,Divorced,424,18/04/2021
CUST000604,Thomas,Johnson,29,Female,CT1 1AA,Accountant,16,Married,579,24/07/2022
CUST000605,Linda,Hernandez,70,Male,M1 1AA,Engineer,2,Single,427,29/08/2021
CUST000606,Barbara,Martinez,18,Male,PL1 1AA,Student,40,Single,613,24/06/2021
CUST000607,James,Taylor,75,Female,CT1 1AA,Accountant,17,Married,631,08/08/2022
CUST000608,Jennifer,Gonzalez,75,Male,CF10 1AA,Engineer,34,Married,449,12/04/2020
CUST000609,Mary,Moore,18,Female,BA1 1AA,Lawyer,42,Divorced,753,23/07/2020
CUST000610,Jennifer,Thomas,64,Female,LS1 1AA,Retired,16,Single,335,23/12/2020
CUST000611,David,Rodriguez,51,Male,EH1 1AA,Lawyer,38,Married,719,21/03/2020
CUST000612,Elizabeth,Johnson,49,Male,BT1 1AA,Lawyer,2,Single,321,18/08/2021
CUST000613,William,Miller,79,Male,M1 1AA,Engineer,2,Married,505,07/01/2022
CUST000614,Karen,Martinez,71,Male,PL1 1AA,Manager,26,Single,655,18/10/2023
CUST000615,Jessica,Lopez,65,Female,G1 1AA,Engineer,13,Widowed,739,02/10/2021
CUST000616,James,Johnson,42,Female,OX1 1AA,Sales,47,Divorced,395,22/05/2022
CUST000617,Jennifer,Hernandez,57,Male,B1 1AA,Doctor,31,Single,463,25/08/2020
CUST000618,Sarah,Rodriguez,62,Female,PL1 1AA,Doctor,34,Widowed,447,13/07/2020
CUST000619,Sarah,Brown,70,Female,LS1 1AA,Accountant,39,Single,829,03/04/2020
CUST000620,James,Lopez,18,Female,EH1 1AA,Doctor,3,Single,593,20/01/2020
CUST000621,Robert,Wilson,33,Female,CF10 1AA,Engineer,8,Widowed,494,10/10/2020
CUST000622,Linda,Gonzalez,78,Male,OX1 1AA,Self-employed,23,Single,779,20/09/2023
CUST000623,William,Anderson,56,Male,BA1 1AA,Retired,14,Single,422,18/08/2023
CUST000624,Elizabeth,Gonzalez,22,Female,S1 1AA,Engineer,27,Divorced,699,15/12/2020
CUST000625,David,Hernandez,39,Male,NE1 1AA,Engineer,29,Widowed,751,04/11/2021
CUST000626,John,Garcia,46,Male,CF10 1AA,Student,39,Widowed,403,02/01/2022
CUST000627,Thomas,Thomas,72,Male,CF10 1AA,Retired,39,Married,761,15/06/2022
CUST000628,Jennifer,Thomas,20,Female,M1 1AA,Sales,1,Single,695,27/06/2023
CUST000629,Mary,Lopez,29,Female,OX1 1AA,Doctor,17,Divorced,636,03/07/2021
CUST000630,Richard,Taylor,43,Female,CT1 1AA,Retired,41,Single,441,09/07/2020
CUST000631,Elizabeth,Rodriguez,33,Male,G1 1AA,Doctor,30,Single,616,02/02/2022
CUST000632,Mary,Williams,68,Female,CT1 1AA,Accountant,13,Married,826,02/12/2021
CUST000633,Mary,Wilson,54,Female,S1 1AA,Retired,21,Single,700,09/01/2021
CUST000634,Jennifer,Williams,39,Male,L1 1AA,Doctor,19,Divorced,609,21/08/2020
CUST000635,Thomas,Wilson,74,Female,BT1 1AA,Sales,19,Divorced,794,31/03/2022
CUST000636,Linda,Martin,46,Female,BT1 1AA,Teacher,25,Married,408,30/03/2022
CUST000637,Thomas,Garcia,31,Male,G1 1AA,Lawyer,22,Single,671,23/07/2022
CUST000638,Robert,Moore,45,Male,BN1 1AA,Lawyer,31,Divorced,505,10/07/2021
CUST000639,Barbara,Martinez,22,Male,LS1 1AA,Sales,17,Single,342,28/02/2022
CUST000640,James,Hernandez,64,Female,NE1 1AA,Student,23,Single,544,13/11/2023
CUST000641,Jessica,Brown,66,Female,BA1 1AA,Teacher,32,Single,586,06/09/2022
CUST000642,John,Williams,47,Female,M1 1AA,Accountant,10,Married,654,13/05/2022
CUST000643,Patricia,Hernandez,63,Male,G1 1AA,Sales,10,Single,775,21/08/2023
CUST000644,Joseph,Martinez,79,Male,NE1 1AA,Lawyer,36,Divorced,382,07/12/2020
CUST000645,Robert,Martinez,69,Female,NE1 1AA,Lawyer,8,Single,409,19/08/2020
CUST000646,John,Anderson,22,Female,EH1 1AA,Lawyer,20,Divorced,489,28/09/2020
CUST000647,James,Martin,29,Male,NE1 1AA,Manager,32,Single,550,26/11/2023
CUST000648,Joseph,Wilson,33,Male,L1 1AA,Sales,14,Divorced,590,30/04/2020
CUST000649,Richard,Garcia,43,Male,EH1 1AA,Engineer,28,Divorced,500,22/11/2020
CUST000650,James,Anderson,43,Male,CB1 1AA,Accountant,46,Single,625,31/07/2020
CUST000651,Karen,Lopez,65,Female,TQ1 1AA,Lawyer,24,Single,810,02/05/2022
CUST000652,William,Anderson,38,Male,NE1 1AA,Doctor,15,Divorced,708,24/04/2023
CUST000653,Joseph,Johnson,56,Female,G1 1AA,Sales,22,Widowed,807,15/09/2022
CUST000654,William,Lopez,53,Female,BA1 1AA,Manager,30,Married,371,11/03/2023
CUST000655,Barbara,Martin,50,Female,CB1 1AA,Sales,4,Widowed,546,21/10/2023
CUST000656,Michael,Wilson,79,Male,PL1 1AA,Accountant,13,Widowed,643,16/06/2022
CUST000657,Sarah,Rodriguez,47,Male,B1 1AA,Manager,23,Single,353,06/01/2021
CUST000658,Richard,Johnson,54,Male,B1 1AA,Accountant,8,Married,827,05/06/2023
CUST000659,Elizabeth,Williams,40,Male,CB1 1AA,Sales,18,Widowed,831,16/02/2022
CUST000660,Thomas,Gonzalez,75,Female,BN1 1AA,Engineer,12,Single,492,04/01/2022
CUST000661,Patricia,Lopez,27,Male,G1 1AA,Accountant,31,Widowed,357,06/06/2023
CUST000662,David,Taylor,71,Male,OX1 1AA,Manager,14,Widowed,736,29/02/2020
CUST000663,Karen,Garcia,22,Female,PL1 1AA,Manager,34,Single,410,02/11/2023
CUST000664,Karen,Smith,53,Male,TQ1 1AA,Accountant,18,Single,428,24/09/2020
CUST000665,Michael,Jones,51,Female,L1 1AA,Self-employed,34,Single,625,16/09/2022
CUST000666,David,Martin,69,Female,SW1A 1AA,Sales,11,Married,307,26/09/2022
CUST000667,Christopher,Anderson,48,Female,B1 1AA,Self-employed,41,Widowed,328,19/08/2020
CUST000668,Michael,Johnson,27,Female,PL1 1AA,Student,12,Single,411,22/04/2022
CUST000669,Sarah,Jones,75,Female,OX1 1AA,Sales,49,Divorced,430,21/06/2022
CUST000670,James,Williams,36,Female,B1 1AA,Accountant,15,Widowed,487,04/04/2020
CUST000671,Christopher,Davis,75,Female,CT1 1AA,Teacher,31,Divorced,774,09/05/2020
CUST000672,Sarah,Lopez,49,Female,CB1 1AA,Accountant,49,Married,663,19/06/2021
CUST000673,Jennifer,Lopez,18,Male,CF10 1AA,Self-employed,29,Single,503,03/09/2023
CUST000674,Jennifer,Gonzalez,73,Male,BA1 1AA,Engineer,26,Divorced,511,05/10/2021
CUST000675,Richard,Jackson,22,Male,CF10 1AA,Accountant,18,Married,575,26/01/2020
CUST000676,Robert,Johnson,62,Male,TQ1 1AA,Accountant,32,Single,372,13/12/2023
CUST000677,Sarah,Martin,21,Female,G1 1AA,Engineer,22,Divorced,542,20/10/2023
CUST000678,Joseph,Jones,33,Male,L1 1AA,Accountant,38,Divorced,401,10/12/2022
CUST000679,Michael,Anderson,41,Female,BT1 1AA,Lawyer,17,Married,470,26/03/2023
CUST000680,Christopher,Lopez,33,Male,L1 1AA,Teacher,23,Single,487,03/03/2023
CUST000681,Karen,Lopez,72,Male,CT1 1AA,Doctor,24,Single,740,03/04/2021
CUST000682,Michael,Anderson,19,Male,NE1 1AA,Teacher,8,Divorced,385,03/10/2023
CUST000683,Sarah,Williams,66,Female,TQ1 1AA,Accountant,41,Divorced,775,23/11/2021
CUST000684,John,Jackson,45,Male,L1 1AA,Lawyer,6,Divorced,351,29/11/2022
CUST000685,Patricia,Jones,49,Female,M1 1AA,Sales,5,Single,410,07/12/2022
CUST000686,Jessica,Taylor,44,Female,M1 1AA,Accountant,44,Married,342,10/11/2023
CUST000687,Linda,Lopez,37,Male,LS1 1AA,Self-employed,29,Married,510,05/12/2023
CUST000688,Patricia,Gonzalez,41,Male,PL1 1AA,Lawyer,28,Single,499,20/06/2023
CUST000689,Robert,Hernandez,29,Male,SW1A 1AA,Engineer,11,Widowed,325,14/07/2020
CUST000690,Susan,Rodriguez,67,Female,LS1 1AA,Lawyer,1,Married,598,05/06/2022
CUST000691,Mary,Davis,52,Male,S1 1AA,Engineer,43,Divorced,376,17/09/2023
CUST000692,James,Brown,77,Female,PL1 1AA,Student,19,Widowed,436,24/05/2021
CUST000693,Linda,Smith,50,Female,PL1 1AA,Doctor,9,Widowed,319,13/09/2022
CUST000694,Barbara,Garcia,50,Male,SW1A 1AA,Retired,27,Married,739,09/12/2021
CUST000695,Michael,Thomas,78,Male,BA1 1AA,Lawyer,34,Widowed,510,21/09/2023
CUST000696,Linda,Taylor,68,Female,CF10 1AA,Manager,44,Widowed,734,17/10/2023
CUST000697,Patricia,Gonzalez,60,Female,NE1 1AA,Self-employed,4,Married,506,06/08/2023
CUST000698,Elizabeth,Moore,54,Female,BT1 1AA,Accountant,36,Married,738,27/02/2022
CUST000699,William,Brown,29,Male,S1 1AA,Self-employed,18,Widowed,341,31/10/2020
CUST000700,Linda,Rodriguez,20,Female,G1 1AA,Teacher,15,Divorced,710,17/02/2023
CUST000701,David,Rodriguez,18,Male,B1 1AA,Retired,13,Single,822,09/06/2023
CUST000702,Susan,Anderson,50,Female,OX1 1AA,Teacher,19,Widowed,726,21/04/2020
CUST000703,Thomas,Miller,57,Female,G1 1AA,Student,49,Widowed,574,24/01/2020
CUST000704,Karen,Martin,27,Male,B1 1AA,Retired,6,Divorced,747,10/08/2023
CUST000705,Jessica,Martinez,60,Female,OX1 1AA,Retired,48,Widowed,668,17/11/2020
CUST000706,Barbara,Thomas,61,Male,S1 1AA,Teacher,12,Widowed,519,01/11/2022
CUST000707,Elizabeth,Miller,46,Male,M1 1AA,Engineer,37,Single,531,19/08/2022
CUST000708,Linda,Brown,30,Female,CB1 1AA,Teacher,17,Single,627,12/10/2022
CUST000709,Sarah,Jones,29,Male,BT1 1AA,Self-employed,23,Single,742,04/12/2020
CUST000710,Thomas,Williams,48,Male,EH1 1AA,Engineer,26,Married,351,02/06/2020
CUST000711,Mary,Anderson,63,Female,BA1 1AA,Self-employed,29,Married,675,03/10/2022
CUST000712,Joseph,Garcia,19,Male,B1 1AA,Student,33,Single,562,18/10/2021
CUST000713,Robert,Anderson,78,Male,LS1 1AA,Accountant,27,Single,566,08/05/2021
CUST000714,Thomas,Williams,68,Male,SW1A 1AA,Sales,25,Married,658,08/11/2021
CUST000715,Elizabeth,Hernandez,67,Female,CF10 1AA,Engineer,10,Divorced,616,23/07/2021
CUST000716,Joseph,Lopez,52,Male,TQ1 1AA,Student,47,Widowed,623,13/04/2020
CUST000717,Elizabeth,Williams,40,Female,B1 1AA,Manager,23,Widowed,720,04/11/2022
CUST000718,Sarah,Moore,34,Female,NE1 1AA,Student,21,Single,345,01/04/2021
CUST000719,Karen,Moore,43,Male,EH1 1AA,Teacher,21,Divorced,568,01/02/2023
CUST000720,Jennifer,Martinez,25,Male,BN1 1AA,Teacher,43,Married,680,10/08/2023
CUST000721,Mary,Martinez,46,Male,PL1 1AA,Sales,13,Single,417,14/02/2022
CUST000722,James,Garcia,43,Female,SW1A 1AA,Student,37,Divorced,415,05/04/2022
CUST000723,Barbara,Garcia,27,Male,SW1A 1AA,Doctor,33,Divorced,559,26/04/2021
CUST000724,Mary,Lopez,43,Male,L1 1AA,Accountant,24,Divorced,374,10/06/2020
CUST000725,David,Taylor,79,Male,LS1 1AA,Teacher,44,Married,779,29/07/2022
CUST000726,Barbara,Davis,51,Male,BA1 1AA,Sales,11,Married,604,28/06/2022
CUST000727,Richard,Brown,68,Male,NE1 1AA,Accountant,17,Widowed,306,19/03/2023
CUST000728,Patricia,Miller,58,Female,TQ1 1AA,Student,4,Widowed,665,06/07/2022
CUST000729,Thomas,Jones,24,Female,B1 1AA,Student,47,Divorced,822,29/06/2020
CUST000730,Mary,Davis,21,Male,EH1 1AA,Retired,25,Divorced,647,17/10/2022
CUST000731,Thomas,Thomas,75,Male,CB1 1AA,Sales,30,Married,737,04/07/2022
CUST000732,Karen,Smith,70,Male,B1 1AA,Teacher,9,Widowed,514,09/10/2021
CUST000733,Thomas,Lopez,67,Male,LS1 1AA,Doctor,21,Divorced,728,31/08/2020
CUST000734,Jessica,Moore,62,Female,LS1 1AA,Student,20,Widowed,797,15/10/2022
CUST000735,James,Jackson,28,Male,L1 1AA,Doctor,19,Widowed,839,31/08/2023
CUST000736,Susan,Lopez,46,Female,OX1 1AA,Student,19,Divorced,666,06/02/2020
CUST000737,Richard,Anderson,73,Female,BT1 1AA,Teacher,12,Married,612,29/07/2020
CUST000738,Robert,Moore,53,Male,NE1 1AA,Accountant,37,Divorced,837,06/04/2022
CUST000739,Joseph,Jones,42,Female,CB1 1AA,Lawyer,42,Divorced,353,24/04/2022
CUST000740,Linda,Martin,38,Female,NE1 1AA,Accountant,17,Widowed,840,14/03/2020
CUST000741,Barbara,Williams,78,Female,NE1 1AA,Student,37,Divorced,766,15/02/2023
CUST000742,Jessica,Williams,74,Female,B1 1AA,Self-employed,48,Married,463,29/01/2023
CUST000743,Joseph,Martinez,53,Male,BN1 1AA,Lawyer,39,Divorced,633,01/01/2020
CUST000744,Barbara,Gonzalez,27,Male,SW1A 1AA,Lawyer,28,Married,846,05/07/2020
CUST000745,Barbara,Thomas,54,Female,S1 1AA,Doctor,41,Married,647,22/05/2023
CUST000746,Elizabeth,Taylor,26,Male,PL1 1AA,Sales,35,Widowed,572,21/06/2023
CUST000747,James,Wilson,41,Male,OX1 1AA,Doctor,47,Single,713,29/07/2023
CUST000748,Robert,Wilson,52,Male,CF10 1AA,Doctor,48,Single,799,15/09/2021
CUST000749,Christopher,Jackson,66,Male,NE1 1AA,Self-employed,18,Widowed,392,07/11/2022
CUST000750,Joseph,Williams,52,Male,BA1 1AA,Accountant,14,Divorced,378,25/02/2023
CUST000751,Jennifer,Jones,65,Female,PL1 1AA,Accountant,35,Widowed,516,27/02/2021
CUST000752,Joseph,Hernandez,53,Male,CF10 1AA,Manager,44,Married,657,02/09/2023
CUST000753,Christopher,Williams,35,Male,B1 1AA,Student,41,Single,806,07/10/2023
CUST000754,Sarah,Anderson,66,Male,LS1 1AA,Self-employed,7,Widowed,480,23/07/2022
CUST000755,Patricia,Anderson,56,Male,NE1 1AA,Manager,41,Divorced,545,29/11/2021
CUST000756,Barbara,Taylor,49,Female,LS1 1AA,Teacher,13,Widowed,543,14/01/2022
CUST000757,Jessica,Lopez,41,Female,CB1 1AA,Student,18,Single,805,21/04/2020
CUST000758,Susan,Jones,40,Female,OX1 1AA,Student,37,Widowed,721,01/04/2021
CUST000759,Patricia,Moore,79,Female,BA1 1AA,Retired,13,Widowed,619,19/07/2022
CUST000760,Linda,Jackson,49,Male,L1 1AA,Retired,36,Single,386,10/11/2021
CUST000761,Jessica,Garcia,54,Female,NE1 1AA,Engineer,31,Married,516,21/02/2023
CUST000762,Mary,Jones,29,Male,EH1 1AA,Engineer,2,Married,789,23/06/2023
CUST000763,Patricia,Wilson,66,Male,G1 1AA,Doctor,16,Single,818,13/05/2023
CUST000764,Elizabeth,Taylor,72,Male,B1 1AA,Teacher,9,Widowed,577,26/08/2022
CUST000765,Thomas,Johnson,30,Male,EH1 1AA,Lawyer,9,Single,468,07/09/2023
CUST000766,Christopher,Brown,40,Male,CT1 1AA,Lawyer,38,Married,629,14/01/2022
CUST000767,Thomas,Taylor,42,Female,BT1 1AA,Retired,11,Divorced,740,15/07/2022
CUST000768,Joseph,Jones,52,Female,SW1A 1AA,Retired,22,Widowed,690,21/08/2020
CUST000769,Michael,Martinez,58,Female,BT1 1AA,Retired,33,Married,795,18/07/2020
CUST000770,Richard,Garcia,47,Female,CF10 1AA,Self-employed,36,Widowed,680,11/09/2023
CUST000771,Mary,Garcia,34,Male,BN1 1AA,Sales,45,Single,605,30/03/2021
CUST000772,Michael,Hernandez,66,Female,BN1 1AA,Engineer,23,Divorced,812,05/01/2020
CUST000773,Jessica,Davis,79,Male,CF10 1AA,Self-employed,45,Single,487,30/11/2021
CUST000774,David,Lopez,37,Female,CB1 1AA,Accountant,45,Divorced,815,28/12/2021
CUST000775,Richard,Taylor,65,Male,BT1 1AA,Lawyer,34,Widowed,726,21/07/2023
CUST000776,Richard,Martinez,42,Male,M1 1AA,Student,9,Widowed,801,20/08/2021
CUST000777,Barbara,Williams,39,Female,EH1 1AA,Engineer,24,Single,559,26/01/2023
CUST000778,Thomas,Rodriguez,30,Male,TQ1 1AA,Manager,8,Divorced,812,05/12/2022
CUST000779,Sarah,Miller,76,Male,CB1 1AA,Accountant,7,Divorced,370,04/02/2022
CUST000780,Susan,Moore,36,Female,LS1 1AA,Engineer,36,Widowed,777,08/12/2023
CUST000781,Karen,Rodriguez,66,Male,EH1 1AA,Self-employed,18,Single,477,05/08/2020
CUST000782,Christopher,Jones,53,Female,TQ1 1AA,Teacher,3,Divorced,756,03/04/2020
CUST000783,Michael,Martinez,29,Female,B1 1AA,Student,28,Widowed,488,02/12/2020
CUST000784,Richard,Martin,78,Female,BN1 1AA,Engineer,6,Married,590,05/10/2022
CUST000785,Christopher,Moore,58,Male,SW1A 1AA,Sales,44,Single,819,14/10/2020
CUST000786,Joseph,Williams,36,Male,OX1 1AA,Retired,44,Married,591,18/04/2022
CUST000787,Patricia,Taylor,29,Male,L1 1AA,Retired,21,Single,582,07/08/2020
CUST000788,David,Garcia,26,Female,NE1 1AA,Student,28,Widowed,843,04/06/2021
CUST000789,Christopher,Jackson,24,Male,CB1 1AA,Self-employed,40,Divorced,676,05/06/2023
CUST000790,James,Jackson,45,Female,BA1 1AA,Retired,1,Divorced,455,05/02/2021
CUST000791,Jessica,Jones,31,Female,OX1 1AA,Engineer,36,Divorced,807,19/01/2021
CUST000792,William,Garcia,48,Male,CT1 1AA,Manager,21,Single,712,04/09/2020
CUST000793,Thomas,Martin,69,Female,S1 1AA,Lawyer,43,Widowed,827,15/03/2022
CUST000794,John,Martin,36,Male,TQ1 1AA,Lawyer,35,Married,654,17/03/2021
CUST000795,John,Hernandez,75,Male,B1 1AA,Accountant,13,Widowed,486,25/07/2022
CUST000796,Jessica,Jackson,64,Male,SW1A 1AA,Doctor,49,Married,330,25/01/2021
CUST000797,Christopher,Johnson,33,Male,B1 1AA,Teacher,10,Single,559,23/11/2021
CUST000798,William,Smith,70,Male,SW1A 1AA,Student,44,Single,720,08/08/2020
CUST000799,Barbara,Williams,22,Female,G1 1AA,Accountant,47,Married,828,28/04/2022
CUST000800,Michael,Johnson,52,Female,CF10 1AA,Doctor,10,Married,603,05/04/2020
CUST000801,James,Jackson,29,Female,M1 1AA,Self-employed,46,Married,338,20/07/2023
CUST000802,Sarah,Rodriguez,42,Male,M1 1AA,Sales,13,Widowed,788,08/10/2023
CUST000803,Christopher,Miller,69,Male,CB1 1AA,Sales,37,Married,841,20/04/2023
CUST000804,Barbara,Jackson,76,Male,BN1 1AA,Teacher,38,Single,577,09/09/2020
CUST000805,Barbara,Wilson,38,Female,BT1 1AA,Retired,24,Single,502,11/07/2022
CUST000806,Elizabeth,Martin,53,Male,BN1 1AA,Engineer,2,Divorced,365,25/07/2022
CUST000807,Mary,Smith,70,Female,BA1 1AA,Accountant,22,Married,407,10/09/2023
CUST000808,David,Thomas,40,Female,BA1 1AA,Accountant,17,Widowed,567,21/04/2023
CUST000809,John,Moore,33,Male,CB1 1AA,Student,36,Widowed,521,29/10/2022
CUST000810,Thomas,Martinez,74,Male,B1 1AA,Student,14,Widowed,829,02/10/2020
CUST000811,Barbara,Martinez,56,Female,CT1 1AA,Sales,10,Divorced,389,18/10/2022
CUST000812,Michael,Thomas,62,Male,CT1 1AA,Sales,35,Single,554,09/01/2020
CUST000813,Robert,Davis,70,Female,NE1 1AA,Manager,25,Widowed,754,22/12/2022
CUST000814,Jennifer,Gonzalez,59,Male,G1 1AA,Manager,3,Single,552,09/04/2020
CUST000815,Barbara,Martinez,75,Male,B1 1AA,Retired,47,Divorced,556,07/02/2023
CUST000816,Robert,Anderson,56,Female,BT1 1AA,Manager,38,Married,682,05/06/2022
CUST000817,Sarah,Williams,31,Male,B1 1AA,Engineer,17,Married,741,13/04/2023
CUST000818,John,Johnson,48,Female,BN1 1AA,Engineer,12,Married,389,16/09/2022
CUST000819,William,Garcia,75,Male,CF10 1AA,Accountant,24,Widowed,689,07/11/2022
CUST000820,William,Anderson,22,Female,NE1 1AA,Lawyer,29,Married,343,28/12/2020
CUST000821,Sarah,Wilson,52,Female,CT1 1AA,Engineer,43,Widowed,318,17/11/2023
CUST000822,Christopher,Thomas,40,Male,L1 1AA,Doctor,25,Divorced,400,30/03/2023
CUST000823,Robert,Anderson,46,Female,CB1 1AA,Sales,36,Divorced,656,21/12/2020
CUST000824,Joseph,Miller,60,Male,B1 1AA,Student,26,Widowed,841,19/09/2020
CUST000825,Michael,Hernandez,28,Male,BT1 1AA,Manager,38,Single,332,31/07/2020
CUST000826,Jessica,Martin,35,Male,BA1 1AA,Accountant,1,Married,528,04/03/2022
CUST000827,Linda,Jones,64,Female,EH1 1AA,Teacher,20,Married,823,08/09/2023
CUST000828,Karen,Hernandez,29,Female,M1 1AA,Student,28,Married,454,14/05/2023
CUST000829,Karen,Hernandez,26,Male,EH1 1AA,Doctor,16,Widowed,722,26/05/2023
CUST000830,Karen,Lopez,27,Male,B1 1AA,Manager,47,Divorced,545,21/10/2021
CUST000831,Joseph,Gonzalez,75,Female,BA1 1AA,Doctor,17,Married,704,29/10/2022
CUST000832,Susan,Jones,61,Male,LS1 1AA,Sales,40,Divorced,840,26/02/2022
CUST000833,Jennifer,Lopez,34,Male,PL1 1AA,Sales,28,Married,460,07/05/2022
CUST000834,Elizabeth,Taylor,78,Female,M1 1AA,Retired,12,Married,416,01/06/2023
CUST000835,Elizabeth,Moore,55,Male,BT1 1AA,Accountant,27,Widowed,570,19/11/2023
CUST000836,Christopher,Brown,24,Female,S1 1AA,Student,42,Single,786,23/05/2021
CUST000837,Sarah,Hernandez,63,Male,LS1 1AA,Self-employed,47,Widowed,471,14/07/2021
CUST000838,Linda,Davis,30,Female,SW1A 1AA,Self-employed,30,Married,573,25/03/2022
CUST000839,Christopher,Anderson,57,Male,NE1 1AA,Student,41,Married,558,03/12/2021
CUST000840,Sarah,Brown,59,Male,SW1A 1AA,Teacher,34,Single,434,25/08/2021
CUST000841,Karen,Rodriguez,26,Female,S1 1AA,Accountant,37,Divorced,721,16/07/2022
CUST000842,John,Anderson,67,Male,TQ1 1AA,Doctor,6,Divorced,720,30/09/2020
CUST000843,Karen,Davis,44,Female,OX1 1AA,Teacher,7,Married,485,09/10/2020
CUST000844,Michael,Jones,75,Male,BN1 1AA,Lawyer,32,Divorced,663,25/04/2022
CUST000845,Richard,Brown,19,Female,BN1 1AA,Student,32,Married,677,18/05/2023
CUST000846,Richard,Johnson,22,Female,G1 1AA,Doctor,25,Single,822,04/12/2023
CUST000847,Thomas,Martinez,46,Female,S1 1AA,Self-employed,33,Single,495,15/11/2022
CUST000848,Robert,Gonzalez,54,Female,OX1 1AA,Engineer,7,Married,397,04/09/2021
CUST000849,David,Martin,55,Male,NE1 1AA,Retired,12,Single,321,07/12/2023
CUST000850,Joseph,Wilson,36,Male,G1 1AA,Self-employed,16,Widowed,749,26/01/2023
CUST000851,David,Davis,25,Female,LS1 1AA,Accountant,16,Widowed,471,04/10/2021
CUST000852,Jessica,Garcia,65,Female,SW1A 1AA,Sales,43,Single,682,28/12/2023
CUST000853,Robert,Hernandez,62,Female,L1 1AA,Engineer,36,Married,433,07/02/2023
CUST000854,David,Jackson,18,Male,BA1 1AA,Retired,13,Married,725,19/07/2023
CUST000855,James,Hernandez,39,Male,G1 1AA,Retired,7,Single,324,21/03/2021
CUST000856,Linda,Miller,69,Male,BN1 1AA,Lawyer,36,Divorced,802,15/02/2021
CUST000857,Elizabeth,Garcia,34,Male,B1 1AA,Lawyer,47,Widowed,484,05/03/2021
CUST000858,Karen,Thomas,24,Female,G1 1AA,Manager,9,Divorced,384,02/07/2023
CUST000859,Barbara,Taylor,42,Female,B1 1AA,Self-employed,32,Married,443,18/08/2021
CUST000860,Christopher,Anderson,62,Female,TQ1 1AA,Self-employed,11,Married,711,07/11/2023
CUST000861,John,Thomas,21,Male,PL1 1AA,Self-employed,8,Divorced,523,08/12/2021
CUST000862,Joseph,Martinez,53,Male,BN1 1AA,Manager,33,Single,519,09/10/2023
CUST000863,Christopher,Thomas,23,Male,OX1 1AA,Teacher,23,Divorced,478,28/09/2020
CUST000864,Christopher,Smith,77,Female,M1 1AA,Retired,25,Divorced,732,25/12/2023
CUST000865,Elizabeth,Williams,48,Female,TQ1 1AA,Engineer,8,Widowed,564,24/08/2023
CUST000866,Robert,Gonzalez,36,Male,S1 1AA,Accountant,45,Widowed,728,30/12/2020
CUST000867,Joseph,Taylor,78,Female,OX1 1AA,Retired,22,Divorced,715,28/10/2022
CUST000868,Thomas,Anderson,61,Male,S1 1AA,Lawyer,4,Divorced,752,16/01/2023
CUST000869,Sarah,Davis,71,Male,G1 1AA,Doctor,40,Married,496,22/11/2023
CUST000870,Richard,Miller,56,Female,LS1 1AA,Sales,3,Widowed,352,28/07/2023
CUST000871,Linda,Jackson,44,Male,LS1 1AA,Manager,29,Widowed,779,22/10/2021
CUST000872,Michael,Lopez,27,Female,EH1 1AA,Student,41,Married,742,25/12/2023
CUST000873,Jessica,Johnson,43,Male,BN1 1AA,Doctor,29,Single,629,24/08/2020
CUST000874,Joseph,Johnson,36,Female,SW1A 1AA,Accountant,34,Widowed,550,22/12/2021
CUST000875,William,Martinez,56,Female,M1 1AA,Self-employed,34,Widowed,422,25/02/2023
CUST000876,Thomas,Thomas,79,Female,SW1A 1AA,Lawyer,28,Single,686,10/09/2022
CUST000877,William,Martin,20,Male,EH1 1AA,Lawyer,13,Widowed,638,08/04/2023
CUST000878,Robert,Thomas,62,Male,M1 1AA,Lawyer,15,Widowed,647,14/03/2023
CUST000879,John,Martinez,30,Female,TQ1 1AA,Self-employed,23,Single,328,28/09/2023
CUST000880,David,Moore,67,Female,OX1 1AA,Student,44,Single,334,25/12/2023
CUST000881,Christopher,Smith,45,Male,CB1 1AA,Manager,26,Divorced,817,04/05/2022
CUST000882,Karen,Brown,79,Male,NE1 1AA,Doctor,4,Married,695,12/10/2023
CUST000883,Sarah,Wilson,75,Male,S1 1AA,Self-employed,26,Married,593,29/12/2022
CUST000884,Christopher,Jones,37,Female,M1 1AA,Accountant,40,Single,648,08/08/2021
CUST000885,Elizabeth,Rodriguez,45,Male,CT1 1AA,Manager,9,Single,446,15/05/2022
CUST000886,Michael,Lopez,25,Male,BA1 1AA,Accountant,5,Widowed,366,27/01/2020
CUST000887,Elizabeth,Gonzalez,78,Female,EH1 1AA,Manager,32,Divorced,819,06/12/2022
CUST000888,Christopher,Lopez,58,Male,L1 1AA,Student,20,Divorced,421,06/08/2020
CUST000889,Jennifer,Johnson,56,Male,EH1 1AA,Sales,11,Single,639,21/02/2020
CUST000890,Thomas,Gonzalez,18,Male,BA1 1AA,Accountant,15,Widowed,474,19/02/2022
CUST000891,Susan,Johnson,20,Female,L1 1AA,Self-employed,32,Widowed,750,24/10/2020
CUST000892,Jessica,Jackson,30,Female,G1 1AA,Manager,28,Married,435,18/04/2020
CUST000893,Barbara,Moore,45,Female,B1 1AA,Lawyer,22,Married,315,04/10/2023
CUST000894,Elizabeth,Miller,79,Female,OX1 1AA,Retired,41,Widowed,632,25/04/2020
CUST000895,Robert,Lopez,74,Female,LS1 1AA,Lawyer,17,Married,494,13/02/2021
CUST000896,Karen,Moore,77,Female,BN1 1AA,Teacher,26,Single,795,30/06/2021
CUST000897,John,Martinez,66,Female,M1 1AA,Sales,44,Widowed,308,25/11/2020
CUST000898,Linda,Williams,42,Male,S1 1AA,Sales,7,Married,633,09/08/2021
CUST000899,Mary,Gonzalez,73,Male,EH1 1AA,Lawyer,42,Divorced,632,31/10/2023
CUST000900,Karen,Taylor,50,Female,BN1 1AA,Doctor,26,Widowed,626,28/05/2021
CUST000901,Thomas,Anderson,55,Male,M1 1AA,Student,25,Widowed,314,26/10/2020
CUST000902,James,Moore,70,Male,CB1 1AA,Accountant,10,Divorced,525,07/05/2020
CUST000903,Robert,Rodriguez,23,Female,B1 1AA,Self-employed,45,Single,724,15/11/2023
CUST000904,Joseph,Martin,75,Male,PL1 1AA,Sales,19,Divorced,707,27/08/2021
CUST000905,Sarah,Martin,61,Male,BT1 1AA,Lawyer,11,Widowed,412,21/02/2021
CUST000906,Sarah,Brown,62,Male,BT1 1AA,Lawyer,13,Single,727,13/01/2023
CUST000907,James,Jones,49,Male,L1 1AA,Student,8,Married,300,07/03/2020
CUST000908,Thomas,Brown,62,Male,B1 1AA,Student,40,Married,565,04/01/2022
CUST000909,Sarah,Gonzalez,78,Female,CT1 1AA,Engineer,4,Married,790,15/07/2022
CUST000910,John,Lopez,64,Female,PL1 1AA,Engineer,47,Widowed,507,28/07/2020
CUST000911,David,Hernandez,38,Female,SW1A 1AA,Doctor,31,Divorced,668,15/06/2023
CUST000912,Barbara,Moore,33,Male,OX1 1AA,Doctor,28,Single,605,15/10/2023
CUST000913,Susan,Lopez,71,Female,CF10 1AA,Teacher,11,Married,311,24/02/2023
CUST000914,Elizabeth,Jones,38,Male,BT1 1AA,Doctor,43,Single,644,04/04/2021
CUST000915,Thomas,Miller,28,Male,BT1 1AA,Manager,1,Widowed,764,18/08/2023
CUST000916,David,Martin,77,Male,EH1 1AA,Student,49,Married,793,23/02/2023
CUST000917,Sarah,Taylor,54,Male,PL1 1AA,Self-employed,47,Widowed,667,07/03/2022
CUST000918,Linda,Gonzalez,53,Female,OX1 1AA,Manager,38,Divorced,719,01/05/2021
CUST000919,Barbara,Taylor,52,Female,TQ1 1AA,Accountant,24,Widowed,470,12/11/2022
CUST000920,Robert,Johnson,36,Male,CF10 1AA,Lawyer,47,Widowed,433,26/11/2023
CUST000921,Barbara,Johnson,37,Female,CT1 1AA,Doctor,31,Divorced,726,12/08/2021
CUST000922,Patricia,Johnson,74,Male,EH1 1AA,Lawyer,41,Single,324,20/11/2023
CUST000923,Linda,Jones,35,Female,NE1 1AA,Sales,46,Divorced,829,22/09/2023
CUST000924,Mary,Hernandez,64,Female,SW1A 1AA,Teacher,26,Divorced,489,06/04/2020
CUST000925,Mary,Thomas,58,Male,BA1 1AA,Sales,49,Widowed,440,20/02/2022
CUST000926,Michael,Taylor,66,Female,SW1A 1AA,Teacher,5,Single,614,04/03/2022
CUST000927,David,Anderson,31,Male,EH1 1AA,Engineer,20,Married,743,03/05/2022
CUST000928,Mary,Jones,32,Female,CT1 1AA,Lawyer,41,Divorced,618,04/11/2023
CUST000929,Linda,Martin,48,Male,OX1 1AA,Teacher,11,Single,740,02/10/2021
CUST000930,Barbara,Taylor,18,Male,SW1A 1AA,Retired,33,Divorced,391,04/02/2023
CUST000931,Christopher,Jones,70,Female,L1 1AA,Manager,38,Divorced,478,20/04/2020
CUST000932,Jennifer,Hernandez,71,Female,SW1A 1AA,Teacher,27,Divorced,355,27/01/2020
CUST000933,Jessica,Martin,71,Male,CB1 1AA,Teacher,34,Divorced,454,29/05/2021
CUST000934,John,Hernandez,20,Female,BT1 1AA,Manager,15,Widowed,410,19/02/2021
CUST000935,Elizabeth,Garcia,33,Female,LS1 1AA,Lawyer,32,Single,436,24/06/2023
CUST000936,Robert,Gonzalez,40,Male,CF10 1AA,Lawyer,21,Single,531,26/06/2022
CUST000937,Mary,Martin,74,Male,BN1 1AA,Manager,46,Single,767,06/04/2021
CUST000938,Thomas,Martinez,28,Female,EH1 1AA,Sales,5,Divorced,780,21/07/2023
CUST000939,Mary,Jackson,29,Male,BA1 1AA,Retired,6,Widowed,367,14/12/2023
CUST000940,Michael,Hernandez,27,Male,TQ1 1AA,Self-employed,38,Divorced,548,24/12/2023
CUST000941,Jennifer,Taylor,49,Male,M1 1AA,Accountant,22,Divorced,622,19/08/2023
CUST000942,Susan,Taylor,33,Female,NE1 1AA,Retired,18,Single,817,23/01/2022
CUST000943,James,Moore,25,Female,G1 1AA,Lawyer,14,Divorced,731,20/04/2023
CUST000944,Jessica,Thomas,55,Male,B1 1AA,Self-employed,10,Married,786,24/01/2023
CUST000945,Elizabeth,Jackson,29,Female,M1 1AA,Engineer,46,Divorced,728,20/05/2023
CUST000946,Linda,Martinez,41,Male,EH1 1AA,Doctor,13,Married,568,06/02/2021
CUST000947,John,Thomas,45,Female,BN1 1AA,Teacher,31,Divorced,836,31/01/2021
CUST000948,Richard,Smith,70,Male,BA1 1AA,Manager,30,Widowed,447,25/08/2021
CUST000949,Susan,Lopez,25,Male,OX1 1AA,Manager,3,Widowed,417,08/07/2022
CUST000950,Patricia,Hernandez,75,Female,PL1 1AA,Teacher,30,Single,666,29/12/2020
CUST000951,Karen,Brown,45,Male,B1 1AA,Doctor,6,Divorced,365,30/10/2023
CUST000952,Barbara,Wilson,53,Female,LS1 1AA,Accountant,29,Married,669,01/06/2020
CUST000953,Elizabeth,Jackson,43,Female,BN1 1AA,Doctor,8,Married,474,17/01/2021
CUST000954,John,Martinez,25,Male,NE1 1AA,Self-employed,44,Divorced,794,21/12/2020
CUST000955,Richard,Smith,75,Male,CB1 1AA,Doctor,45,Married,413,18/11/2022
CUST000956,Thomas,Martin,77,Female,B1 1AA,Self-employed,43,Widowed,410,01/09/2020
CUST000957,Jessica,Thomas,67,Male,M1 1AA,Doctor,44,Married,738,11/02/2022
CUST000958,William,Rodriguez,45,Male,BA1 1AA,Accountant,33,Single,446,24/03/2020
CUST000959,Christopher,Jackson,45,Male,NE1 1AA,Accountant,17,Widowed,334,27/05/2022
CUST000960,Elizabeth,Jackson,54,Male,EH1 1AA,Lawyer,48,Widowed,608,25/07/2021
CUST000961,Barbara,Davis,58,Male,BT1 1AA,Teacher,11,Widowed,837,13/02/2023
CUST000962,Michael,Johnson,53,Female,G1 1AA,Accountant,13,Divorced,313,25/06/2021
CUST000963,James,Jackson,44,Female,L1 1AA,Self-employed,11,Divorced,673,23/09/2020
CUST000964,Karen,Thomas,71,Male,CB1 1AA,Accountant,31,Widowed,727,25/11/2020
CUST000965,Joseph,Garcia,34,Male,L1 1AA,Lawyer,28,Divorced,532,11/04/2023
CUST000966,David,Taylor,26,Male,L1 1AA,Manager,44,Married,739,06/06/2021
CUST000967,Christopher,Martin,50,Female,PL1 1AA,Self-employed,6,Divorced,801,12/01/2020
CUST000968,Jessica,Gonzalez,70,Male,G1 1AA,Lawyer,41,Divorced,574,07/11/2021
CUST000969,James,Jones,37,Female,EH1 1AA,Sales,16,Widowed,375,13/08/2022
CUST000970,Jessica,Davis,30,Female,B1 1AA,Sales,4,Single,738,24/12/2023
CUST000971,Linda,Johnson,45,Female,CF10 1AA,Engineer,35,Single,588,13/11/2020
CUST000972,Robert,Jackson,65,Male,NE1 1AA,Doctor,48,Single,839,22/03/2020
CUST000973,Joseph,Brown,46,Female,LS1 1AA,Teacher,26,Married,552,10/11/2020
CUST000974,Michael,Miller,30,Male,NE1 1AA,Student,12,Divorced,425,22/10/2021
CUST000975,Elizabeth,Smith,63,Female,LS1 1AA,Retired,11,Single,476,07/05/2023
CUST000976,Michael,Anderson,52,Male,S1 1AA,Lawyer,37,Widowed,336,14/04/2020
CUST000977,William,Hernandez,78,Female,PL1 1AA,Manager,25,Single,709,04/07/2023
CUST000978,Barbara,Wilson,23,Male,PL1 1AA,Retired,18,Single,426,14/06/2023
CUST000979,Christopher,Jones,35,Female,L1 1AA,Manager,19,Divorced,782,17/09/2023
CUST000980,Susan,Wilson,68,Male,BA1 1AA,Retired,23,Divorced,467,08/09/2021
CUST000981,Thomas,Miller,22,Male,LS1 1AA,Lawyer,38,Divorced,593,01/10/2022
CUST000982,Linda,Wilson,64,Male,CT1 1AA,Student,18,Married,642,18/03/2023
CUST000983,Barbara,Taylor,42,Male,OX1 1AA,Retired,26,Married,609,31/01/2023
CUST000984,Barbara,Martin,19,Female,CF10 1AA,Lawyer,6,Single,827,03/01/2022
CUST000985,Joseph,Thomas,27,Female,PL1 1AA,Accountant,4,Divorced,839,29/05/2020
CUST000986,Elizabeth,Johnson,73,Male,BT1 1AA,Student,44,Single,718,20/12/2023
CUST000987,Jessica,Jones,47,Female,PL1 1AA,Self-employed,29,Widowed,743,12/10/2021
CUST000988,William,Taylor,67,Male,G1 1AA,Manager,34,Widowed,535,12/12/2022
CUST000989,Jennifer,Miller,76,Male,LS1 1AA,Sales,17,Divorced,738,26/03/2021
CUST000990,Richard,Moore,62,Female,B1 1AA,Doctor,43,Divorced,513,11/01/2021
CUST000991,Karen,Hernandez,22,Male,S1 1AA,Sales,43,Widowed,384,02/12/2022
CUST000992,Susan,Thomas,72,Male,BT1 1AA,Student,16,Divorced,384,19/05/2020
CUST000993,William,Taylor,73,Female,M1 1AA,Self-employed,2,Married,788,31/10/2022
CUST000994,Robert,Gonzalez,50,Male,CF10 1AA,Manager,34,Married,364,22/11/2020
CUST000995,Thomas,Hernandez,71,Male,L1 1AA,Self-employed,8,Divorced,363,01/05/2022
CUST000996,Linda,Garcia,18,Male,NE1 1AA,Retired,13,Widowed,642,17/01/2023
CUST000997,Mary,Anderson,35,Male,B1 1AA,Manager,42,Single,651,04/01/2023
CUST000998,Susan,Moore,49,Female,EH1 1AA,Retired,8,Divorced,457,06/04/2022
CUST000999,Thomas,Hernandez,64,Female,OX1 1AA,Lawyer,30,Divorced,790,07/07/2020
CUST001000,James,Moore,66,Female,CB1 1AA,Student,32,Single,762,16/12/2021
CUST001001,Christopher,Lopez,28,Male,BN1 1AA,Lawyer,36,Divorced,524,29/03/2021
CUST001002,Christopher,Rodriguez,38,Male,M1 1AA,Engineer,47,Single,612,12/03/2021
CUST001003,Sarah,Martin,43,Female,BT1 1AA,Self-employed,30,Widowed,765,20/09/2023
CUST001004,Sarah,Thomas,42,Male,G1 1AA,Retired,1,Married,387,10/11/2021
CUST001005,Barbara,Miller,39,Male,S1 1AA,Accountant,43,Widowed,602,09/11/2021
CUST001006,William,Davis,76,Male,SW1A 1AA,Lawyer,39,Married,734,08/01/2022
CUST001007,Elizabeth,Rodriguez,44,Male,CB1 1AA,Engineer,17,Single,434,24/08/2021
CUST001008,Jessica,Moore,66,Female,PL1 1AA,Teacher,20,Married,349,23/03/2021
CUST001009,Barbara,Martinez,30,Female,CT1 1AA,Sales,24,Widowed,731,20/06/2023
CUST001010,Patricia,Davis,50,Female,CT1 1AA,Manager,22,Married,639,22/12/2022
CUST001011,Mary,Martinez,51,Male,EH1 1AA,Engineer,29,Single,646,30/08/2022
CUST001012,Jessica,Martinez,58,Female,LS1 1AA,Student,22,Married,646,23/02/2023
CUST001013,Jessica,Miller,52,Female,PL1 1AA,Lawyer,44,Divorced,544,22/08/2023
CUST001014,Jennifer,Thomas,18,Male,LS1 1AA,Student,9,Widowed,408,19/01/2020
CUST001015,Elizabeth,Hernandez,38,Male,NE1 1AA,Sales,37,Divorced,832,22/08/2020
CUST001016,Mary,Thomas,65,Female,LS1 1AA,Accountant,10,Single,389,01/10/2023
CUST001017,Richard,Lopez,72,Female,SW1A 1AA,Self-employed,36,Married,595,09/12/2021
CUST001018,Joseph,Moore,23,Female,M1 1AA,Self-employed,37,Divorced,411,01/07/2022
CUST001019,Sarah,Rodriguez,45,Female,EH1 1AA,Student,28,Divorced,476,07/05/2021
CUST001020,Jennifer,Martinez,34,Male,NE1 1AA,Retired,28,Married,642,08/08/2023
CUST001021,Joseph,Brown,22,Female,CF10 1AA,Accountant,42,Married,400,10/06/2023
CUST001022,Linda,Jackson,48,Female,CB1 1AA,Self-employed,43,Widowed,700,26/06/2023
CUST001023,John,Moore,22,Male,OX1 1AA,Accountant,21,Divorced,327,14/05/2021
CUST001024,Mary,Gonzalez,55,Female,B1 1AA,Engineer,24,Divorced,836,22/03/2020
CUST001025,Barbara,Gonzalez,20,Male,G1 1AA,Accountant,42,Single,357,29/10/2023
CUST001026,Jennifer,Lopez,70,Male,B1 1AA,Doctor,40,Widowed,797,19/10/2021
CUST001027,Jennifer,Jones,40,Male,SW1A 1AA,Sales,2,Single,596,20/02/2022
CUST001028,William,Martinez,54,Female,B1 1AA,Self-employed,8,Divorced,433,20/08/2020
CUST001029,Barbara,Johnson,70,Female,CF10 1AA,Accountant,48,Single,630,01/03/2022
CUST001030,John,Martinez,54,Male,PL1 1AA,Student,27,Divorced,548,09/06/2021
CUST001031,William,Williams,27,Female,NE1 1AA,Teacher,22,Divorced,849,11/01/2023
CUST001032,Susan,Lopez,27,Female,B1 1AA,Doctor,37,Single,374,02/08/2021
CUST001033,Sarah,Anderson,36,Male,L1 1AA,Doctor,27,Single,467,20/02/2020
CUST001034,Mary,Rodriguez,34,Male,LS1 1AA,Retired,29,Married,802,24/11/2022
CUST001035,Michael,Thomas,38,Female,M1 1AA,Accountant,3,Married,654,06/02/2022
CUST001036,Elizabeth,Miller,31,Male,PL1 1AA,Retired,44,Married,524,19/11/2022
CUST001037,Michael,Miller,26,Female,M1 1AA,Retired,13,Divorced,830,07/11/2022
CUST001038,Susan,Moore,63,Female,S1 1AA,Teacher,45,Single,445,01/07/2022
CUST001039,Elizabeth,Rodriguez,18,Female,BA1 1AA,Engineer,10,Widowed,540,23/09/2022
CUST001040,James,Moore,68,Female,CB1 1AA,Accountant,36,Divorced,643,30/03/2020
CUST001041,William,Rodriguez,62,Male,TQ1 1AA,Lawyer,9,Widowed,334,30/08/2021
CUST001042,Linda,Jones,30,Male,SW1A 1AA,Self-employed,27,Single,300,27/08/2023
CUST001043,William,Brown,21,Male,CB1 1AA,Retired,34,Divorced,452,29/01/2021
CUST001044,Robert,Martin,79,Male,BA1 1AA,Sales,1,Widowed,728,18/10/2021
CUST001045,Barbara,Jackson,18,Female,S1 1AA,Manager,32,Widowed,807,18/11/2022
CUST001046,Thomas,Davis,66,Female,OX1 1AA,Sales,25,Married,425,17/06/2020
CUST001047,Mary,Davis,57,Male,CF10 1AA,Teacher,29,Married,790,15/07/2020
CUST001048,Karen,Johnson,49,Female,S1 1AA,Teacher,7,Married,781,08/12/2020
CUST001049,Jennifer,Taylor,51,Female,G1 1AA,Student,49,Divorced,644,06/01/2023
CUST001050,Robert,Davis,45,Female,G1 1AA,Engineer,3,Single,520,28/12/2022
CUST001051,Mary,Davis,48,Male,PL1 1AA,Self-employed,20,Single,324,16/01/2020
CUST001052,Jessica,Johnson,25,Male,NE1 1AA,Retired,20,Married,827,07/07/2023
CUST001053,Jennifer,Brown,56,Male,M1 1AA,Sales,30,Married,481,14/05/2020
CUST001054,Mary,Wilson,43,Female,EH1 1AA,Manager,35,Married,798,07/03/2021
CUST001055,Barbara,Hernandez,75,Male,BT1 1AA,Teacher,35,Widowed,341,04/10/2023
CUST001056,Jessica,Thomas,51,Male,TQ1 1AA,Teacher,49,Married,780,13/07/2023
CUST001057,John,Brown,71,Male,BA1 1AA,Engineer,39,Widowed,738,12/03/2021
CUST001058,Karen,Jones,71,Male,CT1 1AA,Manager,27,Single,701,04/11/2023
CUST001059,Robert,Smith,20,Male,TQ1 1AA,Manager,26,Divorced,845,18/05/2022
CUST001060,Joseph,Moore,76,Male,M1 1AA,Engineer,14,Divorced,644,31/07/2020
CUST001061,Christopher,Garcia,67,Female,B1 1AA,Teacher,17,Divorced,344,25/02/2021
CUST001062,Joseph,Wilson,29,Female,G1 1AA,Self-employed,18,Divorced,320,06/01/2023
CUST001063,Robert,Thomas,18,Male,CB1 1AA,Accountant,45,Widowed,369,10/12/2023
CUST001064,Linda,Thomas,71,Male,NE1 1AA,Accountant,29,Widowed,347,10/06/2022
CUST001065,Michael,Miller,61,Female,BA1 1AA,Engineer,20,Married,790,17/08/2023
CUST001066,Michael,Martinez,22,Female,CF10 1AA,Manager,27,Widowed,586,27/05/2020
CUST001067,Elizabeth,Hernandez,47,Male,BN1 1AA,Retired,18,Married,309,06/11/2023
CUST001068,David,Martinez,47,Male,EH1 1AA,Engineer,4,Married,841,10/11/2020
CUST001069,Christopher,Johnson,76,Male,CT1 1AA,Self-employed,1,Divorced,573,18/02/2020
CUST001070,James,Williams,74,Male,SW1A 1AA,Engineer,1,Widowed,680,29/07/2022
CUST001071,John,Jackson,34,Female,CB1 1AA,Doctor,26,Widowed,628,10/11/2021
CUST001072,Mary,Davis,65,Male,OX1 1AA,Sales,45,Married,778,18/03/2020
CUST001073,John,Moore,64,Male,TQ1 1AA,Manager,20,Married,314,28/06/2020
CUST001074,Christopher,Johnson,40,Male,CT1 1AA,Student,23,Single,815,30/05/2020
CUST001075,Patricia,Garcia,32,Male,TQ1 1AA,Student,10,Single,490,21/04/2020
CUST001076,Patricia,Wilson,54,Female,OX1 1AA,Manager,11,Married,467,30/12/2020
CUST001077,Linda,Garcia,38,Female,BN1 1AA,Self-employed,41,Single,820,30/05/2021
CUST001078,William,Johnson,31,Female,L1 1AA,Doctor,41,Single,436,16/02/2023
CUST001079,Joseph,Gonzalez,19,Male,CB1 1AA,Doctor,5,Married,453,24/05/2020
CUST001080,Susan,Thomas,28,Male,G1 1AA,Teacher,1,Married,687,23/03/2023
CUST001081,Linda,Garcia,68,Female,S1 1AA,Sales,17,Widowed,508,11/04/2021
CUST001082,Sarah,Martinez,56,Male,SW1A 1AA,Accountant,22,Married,571,13/06/2021
CUST001083,David,Johnson,55,Male,L1 1AA,Lawyer,34,Married,442,14/04/2022
CUST001084,David,Smith,77,Female,EH1 1AA,Self-employed,45,Divorced,368,05/03/2022
CUST001085,David,Martinez,51,Female,SW1A 1AA,Lawyer,41,Widowed,546,12/07/2022
CUST001086,Robert,Jackson,55,Female,G1 1AA,Lawyer,29,Widowed,560,14/07/2023
CUST001087,Karen,Martin,67,Female,M1 1AA,Manager,4,Widowed,378,08/04/2022
CUST001088,Jennifer,Brown,51,Male,TQ1 1AA,Student,5,Divorced,824,05/06/2022
CUST001089,Karen,Hernandez,35,Male,BN1 1AA,Student,11,Married,629,09/10/2021
CUST001090,Joseph,Martinez,47,Female,OX1 1AA,Accountant,21,Widowed,488,04/02/2020
CUST001091,Barbara,Anderson,32,Male,EH1 1AA,Manager,35,Widowed,394,08/03/2022
CUST001092,Sarah,Moore,44,Female,S1 1AA,Lawyer,12,Single,307,10/10/2023
CUST001093,William,Taylor,68,Female,LS1 1AA,Retired,26,Widowed,366,30/08/2020
CUST001094,Joseph,Thomas,51,Male,EH1 1AA,Student,19,Married,795,31/12/2022
CUST001095,Elizabeth,Jones,69,Female,EH1 1AA,Self-employed,45,Married,490,13/01/2020
CUST001096,Thomas,Taylor,74,Male,G1 1AA,Self-employed,7,Single,665,06/08/2023
CUST001097,Elizabeth,Anderson,55,Male,CT1 1AA,Teacher,47,Widowed,820,20/06/2023
CUST001098,Thomas,Rodriguez,50,Male,M1 1AA,Engineer,7,Widowed,416,09/05/2020
CUST001099,James,Miller,41,Male,EH1 1AA,Retired,26,Widowed,566,14/04/2023
CUST001100,Elizabeth,Brown,32,Female,CB1 1AA,Student,40,Divorced,784,03/04/2020
CUST001101,Christopher,Hernandez,77,Male,OX1 1AA,Doctor,5,Widowed,808,06/12/2023
CUST001102,Jessica,Garcia,47,Female,S1 1AA,Student,21,Married,597,28/05/2020
CUST001103,David,Anderson,72,Female,S1 1AA,Teacher,14,Married,463,02/01/2022
CUST001104,Robert,Rodriguez,59,Female,EH1 1AA,Self-employed,4,Divorced,675,26/10/2022
CUST001105,Elizabeth,Garcia,68,Female,L1 1AA,Lawyer,23,Divorced,567,05/08/2020
CUST001106,Patricia,Smith,34,Male,OX1 1AA,Doctor,42,Widowed,848,16/08/2021
CUST001107,Sarah,Hernandez,22,Male,SW1A 1AA,Manager,20,Single,373,05/11/2023
CUST001108,Christopher,Martinez,46,Female,OX1 1AA,Sales,15,Divorced,807,09/09/2021
CUST001109,Linda,Jackson,21,Female,NE1 1AA,Lawyer,45,Divorced,372,27/05/2023
CUST001110,Thomas,Miller,27,Male,CF10 1AA,Sales,29,Widowed,607,26/06/2020
CUST001111,Elizabeth,Garcia,73,Female,TQ1 1AA,Retired,8,Widowed,498,30/07/2021
CUST001112,Christopher,Martin,34,Male,CT1 1AA,Engineer,41,Divorced,429,15/06/2022
CUST001113,Richard,Gonzalez,27,Female,BT1 1AA,Doctor,48,Single,786,20/02/2022
CUST001114,Jennifer,Wilson,34,Male,S1 1AA,Accountant,19,Divorced,450,20/03/2022
CUST001115,Barbara,Taylor,77,Female,TQ1 1AA,Doctor,48,Widowed,505,15/09/2023
CUST001116,Michael,Hernandez,37,Female,M1 1AA,Student,39,Widowed,478,04/03/2020
CUST001117,Joseph,Williams,41,Male,B1 1AA,Self-employed,46,Divorced,496,28/08/2022
CUST001118,Jennifer,Gonzalez,22,Female,M1 1AA,Student,28,Single,388,16/11/2020
CUST001119,Sarah,Brown,51,Female,EH1 1AA,Student,46,Divorced,733,28/12/2022
CUST001120,Patricia,Garcia,23,Male,EH1 1AA,Retired,27,Divorced,482,26/03/2021
CUST001121,Sarah,Jones,70,Female,SW1A 1AA,Lawyer,4,Widowed,508,06/10/2020
CUST001122,Christopher,Thomas,19,Male,BN1 1AA,Accountant,15,Single,792,11/03/2022
CUST001123,Christopher,Hernandez,30,Male,TQ1 1AA,Accountant,35,Married,429,22/01/2023
CUST001124,James,Davis,79,Female,SW1A 1AA,Student,37,Single,312,27/08/2021
CUST001125,Jennifer,Smith,60,Female,L1 1AA,Sales,1,Divorced,405,22/07/2023
CUST001126,Thomas,Rodriguez,60,Female,CF10 1AA,Retired,3,Divorced,674,22/10/2020
CUST001127,James,Gonzalez,65,Female,NE1 1AA,Student,47,Divorced,398,02/09/2021
CUST001128,Sarah,Davis,28,Female,L1 1AA,Engineer,24,Single,491,19/10/2023
CUST001129,John,Anderson,68,Female,S1 1AA,Self-employed,27,Widowed,624,19/08/2023
CUST001130,Karen,Rodriguez,64,Female,L1 1AA,Lawyer,40,Divorced,766,03/02/2022
CUST001131,Barbara,Hernandez,74,Male,M1 1AA,Manager,36,Divorced,666,23/01/2020
CUST001132,Christopher,Martinez,40,Female,SW1A 1AA,Engineer,34,Single,617,07/02/2023
CUST001133,Joseph,Jackson,72,Male,NE1 1AA,Sales,29,Married,443,10/02/2023
CUST001134,Karen,Jackson,33,Female,NE1 1AA,Doctor,24,Married,683,16/10/2020
CUST001135,Patricia,Smith,48,Female,LS1 1AA,Doctor,24,Widowed,515,09/09/2020
CUST001136,Joseph,Rodriguez,28,Male,BN1 1AA,Engineer,42,Widowed,660,26/03/2020
CUST001137,Richard,Lopez,71,Female,OX1 1AA,Student,4,Divorced,623,11/01/2020
CUST001138,Karen,Davis,33,Female,B1 1AA,Manager,3,Single,314,18/03/2023
CUST001139,Thomas,Johnson,25,Male,OX1 1AA,Teacher,34,Divorced,516,06/05/2023
CUST001140,William,Brown,21,Female,CB1 1AA,Teacher,49,Widowed,791,18/03/2022
CUST001141,Michael,Anderson,57,Female,LS1 1AA,Sales,23,Single,846,05/01/2023
CUST001142,John,Martinez,21,Female,L1 1AA,Student,23,Single,482,26/01/2023
CUST001143,Christopher,Garcia,73,Male,BT1 1AA,Accountant,45,Widowed,569,23/06/2020
CUST001144,Elizabeth,Gonzalez,42,Female,L1 1AA,Accountant,5,Married,766,16/09/2021
CUST001145,John,Taylor,20,Female,NE1 1AA,Lawyer,31,Married,818,06/03/2021
CUST001146,Sarah,Martinez,49,Female,S1 1AA,Manager,41,Single,841,05/12/2021
CUST001147,Patricia,Brown,20,Female,BA1 1AA,Manager,6,Divorced,766,09/03/2021
CUST001148,William,Martinez,44,Male,TQ1 1AA,Doctor,37,Married,604,25/04/2022
CUST001149,Robert,Lopez,46,Male,L1 1AA,Retired,10,Divorced,443,15/08/2023
CUST001150,Christopher,Martin,49,Female,S1 1AA,Sales,40,Married,410,15/11/2022
CUST001151,Mary,Davis,67,Female,CT1 1AA,Teacher,7,Married,531,18/10/2020
CUST001152,Linda,Davis,78,Male,OX1 1AA,Sales,39,Divorced,799,25/11/2020
CUST001153,David,Jones,75,Male,EH1 1AA,Accountant,38,Widowed,572,11/01/2021
CUST001154,Richard,Thomas,68,Female,S1 1AA,Accountant,21,Married,472,28/03/2021
CUST001155,William,Jones,36,Male,CB1 1AA,Engineer,20,Married,306,17/06/2023
CUST001156,Jessica,Anderson,38,Female,BT1 1AA,Lawyer,3,Divorced,454,01/06/2021
CUST001157,Patricia,Martin,22,Male,BT1 1AA,Manager,22,Widowed,821,01/02/2021
CUST001158,Susan,Lopez,35,Male,NE1 1AA,Self-employed,47,Married,845,22/08/2020
CUST001159,Susan,Wilson,45,Male,S1 1AA,Sales,4,Married,847,06/01/2021
CUST001160,Thomas,Moore,59,Male,SW1A 1AA,Accountant,28,Widowed,817,06/10/2023
CUST001161,David,Thomas,78,Female,CB1 1AA,Retired,12,Married,514,07/03/2023
CUST001162,Thomas,Moore,39,Male,M1 1AA,Doctor,38,Widowed,433,21/04/2020
CUST001163,Barbara,Miller,38,Male,S1 1AA,Teacher,36,Widowed,584,29/01/2023
CUST001164,Christopher,Davis,23,Female,L1 1AA,Lawyer,47,Divorced,425,02/08/2022
CUST001165,Mary,Martin,18,Male,EH1 1AA,Retired,41,Single,738,13/08/2023
CUST001166,Michael,Williams,22,Male,LS1 1AA,Lawyer,5,Widowed,451,30/01/2023
CUST001167,Elizabeth,Taylor,58,Female,TQ1 1AA,Engineer,13,Divorced,630,29/05/2020
CUST001168,Robert,Anderson,29,Male,NE1 1AA,Self-employed,23,Single,837,18/08/2021
CUST001169,William,Taylor,43,Female,L1 1AA,Accountant,30,Married,682,07/10/2023
CUST001170,Joseph,Lopez,63,Female,B1 1AA,Doctor,37,Single,414,17/05/2020
CUST001171,Jennifer,Williams,51,Female,EH1 1AA,Retired,25,Widowed,781,28/05/2021
CUST001172,Jessica,Jackson,66,Female,OX1 1AA,Lawyer,48,Widowed,583,20/07/2020
CUST001173,Patricia,Brown,31,Male,L1 1AA,Manager,27,Widowed,374,08/02/2021
CUST001174,Robert,Johnson,43,Female,S1 1AA,Engineer,14,Widowed,465,04/04/2023
CUST001175,Jennifer,Moore,62,Male,B1 1AA,Manager,48,Widowed,488,24/09/2022
CUST001176,James,Taylor,44,Male,L1 1AA,Doctor,47,Divorced,377,08/11/2021
CUST001177,Thomas,Miller,26,Male,PL1 1AA,Retired,36,Widowed,320,01/01/2022
CUST001178,Jessica,Jackson,43,Male,SW1A 1AA,Engineer,39,Divorced,483,19/09/2020
CUST001179,Michael,Moore,74,Male,G1 1AA,Retired,16,Married,521,06/10/2023
CUST001180,Elizabeth,Jones,64,Male,CF10 1AA,Accountant,22,Widowed,627,04/09/2023
CUST001181,Patricia,Garcia,74,Male,EH1 1AA,Student,21,Widowed,478,25/04/2021
CUST001182,Thomas,Hernandez,39,Male,B1 1AA,Engineer,21,Single,411,23/07/2020
CUST001183,Sarah,Taylor,64,Male,OX1 1AA,Manager,8,Married,358,06/08/2021
CUST001184,Jennifer,Anderson,73,Male,G1 1AA,Doctor,49,Widowed,626,22/06/2023
CUST001185,Patricia,Brown,47,Female,LS1 1AA,Self-employed,16,Widowed,490,22/05/2020
CUST001186,Michael,Miller,60,Female,SW1A 1AA,Accountant,31,Married,499,31/01/2021
CUST001187,Joseph,Jackson,65,Female,M1 1AA,Student,42,Divorced,611,12/10/2021
CUST001188,Barbara,Thomas,78,Male,CB1 1AA,Self-employed,10,Widowed,334,22/09/2022
CUST001189,James,Williams,34,Female,PL1 1AA,Teacher,32,Single,678,11/07/2022
CUST001190,Karen,Taylor,43,Female,BA1 1AA,Accountant,34,Widowed,686,03/11/2021
CUST001191,Jessica,Anderson,53,Female,S1 1AA,Doctor,9,Single,536,16/06/2023
CUST001192,Mary,Johnson,18,Male,BA1 1AA,Lawyer,17,Single,818,12/09/2023
CUST001193,Karen,Anderson,25,Male,TQ1 1AA,Engineer,11,Widowed,582,18/09/2021
CUST001194,Joseph,Jones,66,Male,CB1 1AA,Retired,32,Widowed,300,21/11/2023
CUST001195,Robert,Taylor,52,Male,OX1 1AA,Doctor,10,Single,763,11/04/2023
CUST001196,Elizabeth,Wilson,78,Female,CT1 1AA,Engineer,22,Married,529,08/11/2020
CUST001197,Christopher,Anderson,69,Female,CB1 1AA,Self-employed,17,Married,471,04/03/2023
CUST001198,Linda,Jackson,32,Female,LS1 1AA,Retired,4,Widowed,386,06/03/2023
CUST001199,Michael,Johnson,64,Female,TQ1 1AA,Sales,48,Divorced,422,16/01/2022
CUST001200,William,Moore,73,Male,EH1 1AA,Manager,47,Married,597,09/10/2021